driver,dist_m,n,coast,zupt,model,oracle
E,50,2890,2.59,2.59,4.02,1.16
E,100,2796,4.14,4.13,6.67,1.17
E,200,2668,6.71,6.7,11.41,1.11
E,500,2245,9.06,9.06,24.21,0.97
E,1000,1790,10.18,10.18,43.39,0.9
E,1500,1513,10.97,10.97,58.24,0.86
B,50,579,3.16,3.16,4.25,1.2
B,100,559,5.21,5.21,7.34,1.05
B,200,520,7.89,7.84,11.06,0.96
B,500,432,11.09,11.09,16.79,0.98
B,1000,300,16.11,16.57,23.21,0.91
B,1500,201,18.42,18.94,34.54,0.87
D,50,185,5.3,5.01,4.61,1.42
D,100,176,9.56,9.56,9.1,1.59
D,200,167,10.95,10.95,11.54,1.36
D,500,122,18.17,17.15,19.76,1.64
D,1000,78,19.6,19.89,22.92,1.18
D,1500,56,8.54,9.61,13.81,1.05
A,50,1295,5.23,5.12,5.58,1.74
A,100,1252,8.48,7.95,9.65,1.84
A,200,1115,11.68,12.11,13.3,1.67
A,500,879,13.44,14.12,16.48,1.49
A,1000,573,16.49,18.49,25.18,1.49
A,1500,460,17.69,20.93,26.89,1.32
