driver,drive,session,row_start,band,turns,since_turn_m,base_pos,pf_pos,delta,cause,off_route_m,lag_m,reseeds,on_map
B,M,0,7170,mixed,1,163.1,8.904155589782244,8.382698335487815,-0.5214572542944289,along the road,0.6206825431689171,89.30153416009136,0,True
B,M,0,8181,slow,4,183.8,28.321246853764414,2.3720634798747593,-25.949183373889653,sideways,0.5373373546135015,25.13170386699028,0,True
B,M,0,21654,slow,5,150.9,7.677610342248625,11.605368426424528,3.9277580841759034,along the road,24.708447436087848,389.85677300852683,0,True
B,M,0,23404,mixed,1,637.2,9.485678827573446,32.95894805696006,23.473269229386617,along the road,3.2635006373369397,331.66429402664426,0,True
B,M,0,23998,slow,5,69.0,40.22751922461626,6.506131539229607,-33.72138768538665,along the road,0.47881075543103796,65.74121857597595,0,True
B,M,0,24147,slow,6,110.8,18.958271132425324,63.95697802060586,44.998706888180536,off the route,640.3257688191622,2.877786142553873,0,True
B,M,0,24902,mixed,5,72.4,10.804211238845854,6.568657598294274,-4.23555364055158,off the route,65.72665836951646,0.0,0,True
B,M,0,25963,ps_60,4,165.2,15.421574430182284,51.120665282612556,35.699090852430274,along the road,1.562826022109566,865.1409251464113,0,True
B,M,0,26762,mixed,2,205.7,61.270828388612145,153.04201206633147,91.77118367771932,off the route,1335.8175786938557,722.269895464377,0,True
B,M,1,4819,ps_60,1,619.5,21.542283518951255,2.0395599848441464,-19.50272353410711,sideways,3.5005723109567084,33.48830281896858,0,True
B,M,1,5485,ps_60,1,668.5,7.016631278446841,36.8968756402558,29.88024436180896,along the road,4.683388093790608,375.06691374601564,0,True
B,M,2,6636,slow,4,235.1,10.70894504072427,48.15395513084417,37.445010090119894,along the road,3.8440867224447426,491.47010124927453,0,True
B,M,2,9925,mixed,4,446.9,3.9171597022352147,6.800936434742166,2.883776732506951,off the route,60.33734629644814,0.0,0,True
B,M,2,15659,ps_60,0,1001.1,17.190475492156565,37.60624674035255,20.415771248195988,straight road,0.9094088760782163,381.15079612324416,0,True
B,M,2,28755,mixed,4,360.3,17.83689183006693,0.5087327052405414,-17.32815912482639,sideways,3.40539735670151,4.726207499940301,0,True
B,M,2,30223,slow,4,238.9,17.9802618715021,70.55606968282446,52.575807811322356,along the road,3.8804773649772075,737.1633119539771,0,True
B,M,2,30943,slow,2,616.6,13.97650218028879,39.600246218240315,25.623744037951525,off the route,241.5342159130817,308.0452113454627,0,True
B,M,2,31210,slow,2,91.2,12.166649758679972,43.398655015164344,31.23200525648437,off the route,258.6790772127806,309.99306335642734,0,True
B,M,2,34840,ps_60,3,181.1,8.235132086879325,9.755533641658111,1.5204015547787861,off the route,86.3231032009076,0.0,0,True
B,M,2,35005,mixed,3,89.0,8.751272390901626,2.229394191278853,-6.521878199622773,sideways,2.8320887697357784,22.962884573469637,0,True
B,M,2,38167,ps_60,1,720.6,17.763996987642674,88.12308106036613,70.35908407272346,off the route,631.5386479338721,604.3933441873456,0,True
B,M,2,38313,ps_60,1,970.8,59.56543650472279,98.07023594133769,38.504799436614896,off the route,353.2830941071556,895.9580189716243,0,True
B,M,2,38642,fast,0,1001.2,5.177725274242197,28.020574276904146,22.84284900266195,straight road,1.5193723657021663,287.80109274276947,0,True
B,M,2,38874,fast,0,1000.9,4.186357815541396,2.719611489163524,-1.4667463263778724,straight road,0.6223516605379434,36.8204557643129,0,True
B,M,2,40896,ps_60,2,800.0,15.356733358107602,39.425453609360645,24.06872025125304,off the route,394.4903096149389,0.0,0,True
B,M,2,41039,ps_60,0,1000.1,13.859967899474993,29.902818158570486,16.042850259095495,off the route,287.0848925653362,0.0,0,True
B,M,2,41525,ps_60,0,1000.3,6.844702705588333,31.31986618888342,24.475163483295088,straight road,2.7979392648379977,315.13376469391847,0,True
B,M,2,46518,ps_60,4,24.3,64.18190229996769,90.07719246470771,25.895290164740018,along the road,3.165921206243008,916.3306411927459,0,True
B,M,2,46943,ps_60,2,773.9,5.022521533424612,38.80744122584346,33.78491969241885,along the road,2.4956550456099382,394.8038729506459,0,True
A,S1,0,5127,mixed,0,1000.1,7.616831709363931,23.685311616378232,16.0684799070143,straight road,1.2704686635687086,237.617960285893,0,True
A,S1,0,19891,slow,3,84.6,20.057619199082833,31.341117940681773,11.28349874159894,off the route,78.52928720485217,293.7196502993919,0,True
A,S1,0,20577,slow,5,71.0,15.079191425620609,52.36802225140266,37.28883082578205,along the road,21.223919899875156,750.1189552054302,0,True
A,S1,0,20975,slow,5,108.8,15.468318798571682,75.67287083953059,60.20455204095891,off the route,115.02134048522856,868.1099458212107,0,True
A,S1,0,21293,slow,6,94.3,5.572603037127217,1.2868907235586846,-4.285712313568532,sideways,2.2188984075343496,14.368890989982333,0,True
A,S1,0,27682,mixed,2,638.5,10.488371230992128,32.0975863322636,21.609215101271474,along the road,1.516926725207381,322.2781861796849,0,True
A,S1,0,27876,mixed,1,889.1,7.165742151858396,39.267202242912724,32.10146009105433,along the road,1.7370358160198338,396.6189775210736,0,True
A,S1,0,29008,slow,2,327.2,42.49814647977578,62.89332864856031,20.395182168784537,off the route,109.1664724518546,799.1015638842891,0,True
A,S1,0,29566,slow,3,16.2,12.094306656630527,34.562769217038,22.468462560407474,off the route,342.1647459421558,0.0,0,True
A,S1,0,35691,mixed,2,32.5,30.403081776547996,19.476489453355004,-10.926592323192992,off the route,174.36207085348377,53.05288978459953,0,True
A,S2,1,7324,slow,2,540.4,29.2184710482587,51.506062418866875,22.287591370608176,along the road,0.2497052318224633,517.996034928958,0,True
A,S2,1,22840,ps_60,0,1001.2,6.294963543484436,28.15504136842929,21.860077824944856,straight road,0.290240734749506,282.55154442167793,0,True
A,S2,1,42620,slow,5,209.6,23.865534515683553,2.598202016149625,-21.26733249953393,sideways,3.3633694650102477,28.566822011555928,0,True
A,S2,1,49988,mixed,2,194.2,14.794631471162694,1.6564819120370884,-13.138149559125605,sideways,7.796535248771802,0.0,0,True
A,S2,1,52421,fast,1,38.7,53.59812637351444,77.22141016406873,23.62328379055429,along the road,3.3966674065932465,776.1712475060283,0,True
A,S2,1,58439,ps_60,2,516.6,24.327048921262172,29.761147966385334,5.434099045123162,along the road,0.23959134632467313,303.7835282131716,0,True
A,S2,1,58954,fast,0,1000.3,19.11668779295435,5.649599057856563,-13.46708873509779,straight road,1.6930291314378378,58.79844236582187,0,True
A,S2,1,66973,ps_60,1,248.6,13.090673445854284,0.3514590262736401,-12.739214419580644,sideways,1.6378607674592471,2.8430381407869163,0,True
A,S2,1,69508,slow,3,197.6,30.1689072165627,0.31716011231929736,-29.851747104243405,sideways,0.11669710467889366,5.047744230666694,0,True
A,S2,1,87925,fast,0,1001.0,22.41165054983203,12.018052955959874,-10.393597593872155,straight road,1.9869744962635882,130.62970998300614,0,True
A,S2,1,88068,fast,0,1000.4,12.575963616667897,28.884938124412436,16.308974507744537,straight road,2.0665010700488913,288.2464491183623,0,True
A,S2,1,88401,ps_60,2,79.2,20.412609869709954,5.336618274179396,-15.075991595530557,off the route,53.421009749658566,0.0,0,True
A,S2,1,88731,ps_60,2,829.8,12.387291199945091,38.3212476219904,25.933956422045313,along the road,1.302072445895792,386.15339289085,0,True
A,S2,1,88930,fast,0,1001.1,17.79296124687998,43.481605134037714,25.688643887157735,straight road,1.4860203157909904,439.9710247725019,0,True
A,S2,1,90072,mixed,2,459.1,36.46256783550408,82.6427543209966,46.18018648549252,off the route,395.06316213219327,438.4255330565288,0,True
A,S2,1,90195,mixed,2,709.6,39.025400141712325,100.1610143620414,61.135614220329074,off the route,331.9755740052594,689.5457105146602,0,True
A,S2,1,90875,fast,0,1000.0,6.69126198623095,0.18576878564498348,-6.505493200585967,straight road,0.7823855384181508,3.4639946278757634,0,True
A,S3a,0,6621,ps_60,0,1000.7,7.1447694892371,4.275896979922349,-2.868872509314751,straight road,5.145426197477509,47.26636006839453,0,True
A,S3a,0,8831,mixed,3,264.5,47.61667629932464,78.955605841023,31.338929541698363,off the route,787.1603814326257,0.0,0,True
A,S3a,0,8963,ps_60,2,511.8,37.72172828792325,61.515214944666916,23.793486656743667,along the road,3.024143938651925,761.592879177418,0,True
A,S3a,0,11770,ps_60,3,251.8,8.084005374924084,0.7133187699071432,-7.370686605016941,sideways,7.007484982737578,11.98388255362238,0,True
A,S3a,0,16382,slow,2,12.1,5.33606813305751,22.63800573372135,17.30193760066384,along the road,4.997879390689123,230.24895497610498,0,True
A,S3a,0,16613,slow,2,262.5,8.793502540959432,33.25483969461034,24.46133715365091,off the route,335.3548117156598,33.057597468269705,0,True
A,S3a,0,16848,slow,2,176.9,8.220925079348735,3.7456607178996038,-4.475264361449131,sideways,4.571345875344057,40.147933951595974,0,True
A,S3a,0,22898,slow,6,20.8,22.758711560799057,41.61306612001039,18.85435455921133,along the road,0.8470531354412474,422.4340009133433,0,True
A,S3c,0,10413,fast,0,1001.7,33.51220857431002,31.94503334891116,-1.567175225398863,straight road,1.948905146762155,329.0855825128375,0,True
A,S3c,0,11801,fast,0,1002.4,1.592058847542386,11.599317720115552,10.007258872573166,off the route,109.2097944868306,0.0,0,True
A,S3c,0,12940,fast,0,1000.6,5.037106485056945,19.59368345589084,14.556576970833895,straight road,3.941538680128682,210.68461223533347,0,True
A,S3c,0,13899,fast,0,1000.8,30.385851676990853,6.979094681858782,-23.40675699513207,off the route,51.42154557042815,0.0,0,True
A,S3c,0,15738,slow,5,18.1,41.675461783768135,0.8532267508135188,-40.822235032954616,sideways,7.139637696293658,0.0,0,True
A,S3c,0,18513,slow,4,236.4,13.066565682401473,1.0360675290301515,-12.03049815337132,sideways,1.8033641703367853,13.539319820161268,0,True
A,S3c,0,31601,ps_60,1,502.1,8.514395095483453,0.3938433232262002,-8.120551772257253,sideways,1.30699618880272,10.476304036026477,0,True
A,S4,0,6703,mixed,3,54.3,6.957334014364932,34.44128216836765,27.483948154002718,off the route,325.6424161095458,97.09259993974536,0,True
A,S4,0,6897,mixed,2,305.5,21.86378800574053,50.46947827475916,28.60569026901863,off the route,447.505550468174,225.06931925991012,0,True
A,S4,0,7087,ps_60,3,139.7,15.29944079181013,62.13006226500698,46.83062147319685,off the route,566.8036034905922,378.1266150119336,0,True
A,S4,0,18711,mixed,4,60.8,24.840424875528967,13.813159108467389,-11.027265767061579,off the route,126.50882723282311,0.0,0,True
A,S4,0,22697,mixed,3,109.2,18.79350481050231,5.307658248866987,-13.485846561635324,along the road,2.7921298307703477,60.27791173092908,0,True
A,S4,1,9546,slow,5,12.9,43.113033038789624,83.32733308439491,40.214300045605285,off the route,106.56536433994246,1002.1419485336916,0,True
A,S4,1,11120,slow,4,28.9,13.383337544130374,4.821722823154205,-8.56161472097617,along the road,2.2865361674743823,663.2510446146468,0,True
A,S4,1,14996,slow,4,97.6,8.979611926119025,0.3728945978293141,-8.606717328289712,sideways,3.693150704948788,2.6667178530608453,0,True
A,S4,1,22542,ps_60,1,587.8,8.219861673673828,4.053627236861542,-4.166234436812286,sideways,28.547818846195838,0.0,0,True
A,S4,1,24511,ps_60,2,704.2,22.111568395861532,24.144690500385227,2.033122104523695,along the road,3.8363930720787627,243.57875021701238,0,True
A,S4,1,24879,ps_60,0,1000.6,4.7336538601386176,4.892140778600418,0.15848691846180074,straight road,3.7968959832900104,54.02744459745509,0,True
A,S4,1,27710,fast,1,667.2,6.402886349835219,2.679888136876272,-3.722998212958947,sideways,4.042373897521254,33.678996352064246,0,True
A,S4,1,30570,ps_60,2,254.9,14.310313456678927,36.392972010449256,22.08265855377033,off the route,238.1930323009311,319.23117417027436,0,True
A,S4,1,30658,ps_60,2,505.0,8.051336772812128,34.21658994114679,26.165253168334665,along the road,4.285065513175358,347.57512956063294,0,True
A,S4,1,31532,fast,3,94.0,32.664546659356624,37.78894087724757,5.124394217890945,off the route,372.09787435689435,0.0,0,True
A,S4,1,31625,fast,3,343.8,28.776019530313402,32.46350960946434,3.687490079150937,off the route,311.75832554210365,0.0,0,True
A,S4,1,31833,fast,2,844.7,29.350778317019085,16.150374758656735,-13.20040355836235,along the road,2.0087444185502896,168.35919331191167,0,True
A,S4,1,34064,fast,0,1000.6,3.868172454616867,19.885562947427182,16.017390492810314,straight road,5.430113346474413,204.78011251433406,0,True
A,S4,1,34173,fast,0,1000.8,6.705426227784377,22.90741566152961,16.201989433745233,straight road,4.423333106630314,232.64976159212915,0,True
A,S4,1,34889,ps_60,1,167.5,31.04404084482359,50.32649046968557,19.282449624861975,along the road,3.139366559499208,505.22012393540706,0,True
A,S4,1,35395,ps_60,1,918.6,16.10204659225617,40.49000812424063,24.387961531984462,off the route,386.7415791345572,0.0,0,True
A,S4,1,35550,ps_60,0,1000.0,1.4576360496952783,24.704546334068834,23.246910284373556,off the route,237.5898781919863,0.0,0,True
A,S4,1,36679,ps_60,2,497.8,14.899236227286409,33.611562191864124,18.712325964577715,along the road,0.90326249471908,339.3690943140057,0,True
A,S4,1,44166,ps_60,1,59.9,13.644651971893685,5.6575981011853775,-7.987053870708308,off the route,48.03507584726139,0.0,0,True
A,S4,1,44299,mixed,2,86.2,46.6534218670992,9.337682001130128,-37.31573986596907,off the route,86.85829949159532,0.0,0,True
A,S4,1,46822,fast,0,1000.5,7.412359085939803,15.513256161457189,8.100897075517386,off the route,136.20640684049616,0.0,0,True
E,Vfa01,0,3066,fast,1,495.7,0.8691855156355719,1.9753183126092348,1.106132796973663,sideways,12.751200514341706,0.0,0,True
E,Vfa02,0,3244,fast,0,1001.9,5.841066614896085,23.002938724074934,17.161872109178848,off the route,204.93627252735374,0.0,0,True
E,Vfa02,0,3651,fast,0,1001.4,5.279897874897832,12.886450592789716,7.606552717891884,off the route,129.04583819014576,0.0,0,True
E,Vfa02,0,4041,fast,0,1003.0,13.229547526264504,23.087215478244293,9.857667951979789,straight road,1.3762356178813835,241.28176432973873,0,True
E,Vfa02,0,5448,fast,0,1001.0,15.82850338710902,39.36276666671356,23.53426327960454,off the route,390.3197395279398,0.0,0,True
E,Vfa02,0,5938,fast,0,1001.2,15.670689766848579,22.309710191102884,6.639020424254305,off the route,219.88980413026678,0.0,0,True
E,Vfa02,0,6649,fast,0,1001.0,12.075248056698857,22.081412685978066,10.006164629279208,off the route,218.26212359860196,0.0,0,True
E,Vfa02,0,6758,fast,0,1002.2,7.273760337452414,28.878430890750337,21.60467055329792,off the route,273.70568125353395,0.0,0,True
E,Vfa02,0,7220,fast,0,1000.0,9.481841299942568,26.638009435282804,17.156168135340238,off the route,241.92013604275022,0.0,0,True
E,Vfa02,0,7857,fast,0,1001.8,3.5826940495056507,2.0272739532060498,-1.555420096299601,straight road,2.62145466009142,21.522918852533962,0,True
E,Vfa02,0,7948,fast,0,1000.1,4.412899300168163,20.79425217463889,16.381352874470725,straight road,2.2448849622718132,215.57510996019516,0,True
E,Vfa02,0,9891,fast,0,1001.5,4.674034328227307,21.09313554294459,16.419101214717283,off the route,204.97124132143,0.0,0,True
E,Vfa02,0,12329,fast,0,1001.5,12.469984398527368,7.162889421200181,-5.3070949773271865,off the route,60.0364359322878,0.0,0,True
E,Vfa02,0,12612,fast,0,1000.6,24.491060734390242,17.860253319302252,-6.63080741508799,straight road,0.7666284002653846,195.33389871596796,0,True
E,Vfa02,0,13064,fast,0,1001.0,4.824742827658986,13.487033172900173,8.662290345241185,off the route,115.02427867862794,0.0,0,True
E,Vfa02,0,15395,fast,0,1000.3,5.856266321949643,32.47921923082973,26.622952908880084,straight road,1.7782214113122046,332.61469422526625,0,True
E,Vfa02,0,17551,fast,0,1002.2,6.144933731005241,12.098010491924736,5.953076760919495,off the route,114.88991896138629,0.0,0,True
E,Vfa02,0,18753,fast,0,1001.9,6.794767318729878,24.90550317449283,18.11073585576295,straight road,1.6953614738299345,251.9057640970226,0,True
E,Vfa02,0,19124,fast,1,830.0,1.3645491532511453,3.2199113965475923,1.855362243296447,sideways,1.448033031130507,40.239275540802964,0,True
E,Vfa02,0,19393,fast,0,1002.2,8.003962361439088,5.468301586945123,-2.535660774493965,straight road,27.329727043347248,0.0,0,True
E,Vfa02,0,20022,fast,0,1000.1,7.303787636021248,28.665912786212225,21.362125150190977,off the route,280.3557311860832,0.0,0,True
E,Vfa02,0,22232,fast,2,185.0,3.2545975052673657,4.338075301818476,1.0834777965511102,sideways,3.1930847145953303,49.36607885303579,0,True
E,Vfa02,0,23713,fast,0,1000.5,13.98598324384522,10.358812003338574,-3.6271712405066463,straight road,1.0506280016870195,113.24108041164152,0,True
E,Vfa02,0,23808,fast,0,1000.9,9.529249469353767,21.048984142617787,11.51973467326402,straight road,1.327990190936088,222.13619010010927,0,True
E,Vfa02,0,24660,fast,0,1002.3,3.5102587640426504,11.764129830463048,8.253871066420398,straight road,2.323126022548327,133.5189335557743,0,True
E,Vfa02,0,26313,fast,0,1002.2,8.328318147829835,11.35855755840674,3.0302394105769057,straight road,1.7957487830899177,129.71050574194896,0,True
E,Vfa02,0,26400,fast,0,1000.2,9.792266927413708,8.501559358153397,-1.2907075692603112,straight road,1.5874456785354965,85.92782448348669,0,True
E,Vfa02,0,27274,fast,0,1002.7,2.2927234117767457,2.0356202953468023,-0.2571031164299433,straight road,1.6730119780625416,41.14176887374208,0,True
E,Vfa02,0,27661,fast,0,1001.1,11.339782308997851,11.821802002222508,0.48201969322465743,straight road,12.398703123382917,117.4932534423017,0,True
E,Vfa02,0,28031,fast,1,904.7,6.412478586157138,24.725189557976353,18.312710971819214,off the route,223.2062704270347,0.0,0,True
E,Vfa02,0,29220,fast,0,1000.3,5.136126384844313,23.449431839886937,18.313305455042624,straight road,1.313444350534052,236.392923703644,0,True
E,Vfa02,0,29318,fast,0,1001.3,3.640381965587649,19.597823921488956,15.957441955901308,straight road,1.5243374404839192,209.3849655295228,0,True
E,Vfa02,0,30319,fast,0,1000.3,10.82122583786053,5.574210808587224,-5.247015029273306,off the route,35.492772834067175,0.0,0,True
E,Vfa02,0,32526,fast,0,1000.4,1.159428618288441,4.5479370842056905,3.3885084659172495,straight road,1.3678848862053783,47.19908053307108,0,True
E,Vfa02,0,32610,fast,0,1002.1,0.22154323400854883,6.494931481380218,6.273388247371669,off the route,65.08678110304739,0.0,0,True
E,Vfa02,0,32781,fast,0,1000.7,1.8500600683427246,2.3369399784121248,0.4868799100694001,straight road,1.5687789551064413,22.34435618308987,0,True
E,Vfa02,0,33121,fast,0,1001.9,11.70980323048629,27.50652647888606,15.796723248399768,straight road,2.7870543552077423,287.76624478576196,0,True
E,Vfa02,0,33386,fast,0,1000.3,5.35991325554504,3.670167057231428,-1.6897461983136117,straight road,1.1603797139568248,59.169621026451864,0,True
E,Vfa02,0,33745,fast,1,330.7,9.085810899431639,5.649566122950503,-3.4362447764811357,along the road,1.3948282955868354,69.74591164933747,0,True
E,Vfa02,0,33842,fast,1,582.2,7.490992460924293,6.720881954805503,-0.7701105061187894,along the road,1.1213898091773946,75.18659057115678,0,True
E,Vfa02,0,34857,fast,0,1002.2,3.8076891035565423,29.34555270706245,25.537863603505908,off the route,284.63574161267235,0.0,0,True
E,Vfa02,0,34959,fast,0,1001.9,5.056626045760404,28.466749247848842,23.41012320208844,straight road,1.1772840238520954,290.5827004779337,0,True
E,Vfa02,0,35065,fast,0,1000.6,2.8173064610214604,6.147522035173907,3.3302155741524464,off the route,56.49666487801951,0.0,0,True
E,Vfa02,0,35372,fast,0,1000.5,6.14640514283756,25.430849245747254,19.284444102909696,off the route,242.55473259644612,0.0,0,True
E,Vfa02,0,35476,fast,0,1000.2,5.302085775113772,28.480597261404622,23.17851148629085,off the route,269.6948393576177,0.0,0,True
E,Vfa02,0,35585,fast,0,1001.5,6.290904670792454,28.001446689493484,21.71054201870103,off the route,255.58062359148113,0.0,0,True
E,Vfa02,0,36455,fast,1,456.4,11.106380055427172,4.461231125273458,-6.645148930153714,off the route,44.70073072216244,0.0,0,True
E,Vfa02,0,36844,fast,1,519.0,10.975103059299991,31.216414412648195,20.241311353348202,off the route,312.61660723681655,0.0,0,True
E,Vfa02,0,37831,fast,0,1001.6,6.616059117660909,24.031252947067454,17.415193829406544,off the route,240.69453901222727,0.0,0,True
E,Vfa02,0,37929,fast,0,1000.2,4.370032163836168,27.523732669424703,23.153700505588535,off the route,258.9862435908464,0.0,0,True
E,Vfa02,0,38532,fast,2,150.7,1.3768736448944148,6.570061880927415,5.193188236033,off the route,42.03260244701706,0.0,0,True
E,Vfa02,0,38721,fast,1,650.5,6.2702043253212905,0.6836776431707845,-5.586526682150506,sideways,2.010462674175294,15.170387097316961,0,True
E,Vfa02,0,39242,fast,0,1001.8,6.162104459788812,16.512880383180384,10.350775923391573,straight road,1.803301928555049,173.36710230236224,0,True
E,Vfa02,0,40333,fast,0,1001.1,3.2008821209864458,14.718927769359954,11.518045648373509,straight road,2.189513336337754,156.29219298378746,0,True
E,Vfa02,0,43542,fast,0,1001.9,2.477154272482419,0.3826351844841977,-2.094519087998221,straight road,3.425389278738437,18.08709213508382,0,True
E,Vfa02,0,43949,fast,0,1002.1,20.99080367226017,1.6480983605632769,-19.342705311696893,straight road,15.611232434928317,12.342486977882913,0,True
E,Vfa02,0,44062,fast,0,1001.6,16.305347793710503,16.50473257937327,0.19938478566276885,straight road,17.39749713835701,174.23648816598552,0,True
E,Vfa02,0,46461,fast,1,712.7,1.7489121616487044,4.8026589596160285,3.053746797967324,off the route,32.61124736374938,0.0,0,True
E,Vfa02,0,46632,fast,0,1001.9,3.804473839306283,10.499230770939809,6.694756931633526,off the route,95.50806395543601,0.0,0,True
E,Vfa02,0,48518,fast,0,1001.5,4.717323602469808,2.756476131272767,-1.9608474711970407,straight road,24.47842235571194,0.0,0,True
E,Vfa02,0,49123,fast,0,1001.4,8.106103488194673,27.061168745873736,18.955065257679063,off the route,250.58046007657197,0.0,0,True
E,Vfa02,0,49411,fast,0,1002.2,8.997098740421077,25.94709642913627,16.949997688715193,off the route,253.00379040768064,0.0,0,True
E,Vfa02,0,51430,fast,0,1001.5,4.395013842033888,10.647863327889493,6.252849485855605,off the route,88.21537134026184,0.0,0,True
E,Vfa02,0,51892,fast,0,1000.6,14.029868876747535,10.378443590381078,-3.6514252863664574,straight road,3.704715609758075,122.3501132723643,0,True
E,Vfa02,0,53352,fast,0,1001.2,12.039783737190731,3.7294409551506122,-8.31034278204012,straight road,1.1704231703526746,56.459726116847264,0,True
E,Vfa02,0,55992,fast,1,282.1,18.627590152412512,1.4464303266397558,-17.181159825772756,sideways,7.869242077705008,22.6249259048833,0,True
E,Vfa02,0,56180,fast,1,780.8,1.300861480459446,5.8091118917049505,4.508250411245505,off the route,46.38941507654028,0.0,0,True
E,Vfa02,0,56534,fast,2,77.0,5.0561724514442625,5.844943892313669,0.7887714408694064,along the road,5.993933106823004,59.2762916614231,0,True
E,Vfa02,0,56711,fast,1,578.3,7.590405951065424,14.905942856881705,7.3155369058162805,along the road,4.621494342373347,156.29596422643112,0,True
E,Vfa02,0,57458,fast,0,1000.6,2.564159741087419,10.109853680169524,7.5456939390821045,off the route,84.71105880699425,0.0,0,True
E,Vfa02,0,59906,fast,1,838.6,30.264481993250342,54.029808603110226,23.765326609859883,along the road,1.4450542886112256,545.7544846757692,0,True
E,Vfa02,0,60598,fast,0,1001.2,11.437087783238743,5.2687311188168575,-6.168356664421886,straight road,3.805345795433805,51.35216671223566,0,True
E,Vfa02,0,60790,fast,0,1000.7,11.75920613092383,14.72728216944624,2.96807603852241,straight road,3.2215544617155207,154.13740680136266,0,True
E,Vfa02,0,60978,fast,1,255.0,9.294684744344487,0.807789066168838,-8.48689567817565,sideways,7.233318800262277,7.2586950048944345,0,True
E,Vta16,0,5994,ps_60,2,499.9,3.979015152647527,6.914072542855107,2.9350573902075796,along the road,0.9908352030219778,75.753194599528,0,True
E,Vta16,0,7578,ps_60,1,956.4,18.350800997342148,58.3183455629217,39.96754456557955,along the road,0.7835925602783493,583.3821670458499,0,True
E,Vta16,0,8795,mixed,4,120.8,32.95892769516373,28.36797156805888,-4.59095612710485,along the road,2.2725307515410775,286.7861232800328,0,True
E,Vta16,0,9008,mixed,3,369.3,10.945789436148116,43.60442814170634,32.658638705558225,along the road,2.2056172163650505,444.76584477724737,0,True
E,Vta16,0,10020,slow,4,170.0,13.789436910623767,1.97027282754728,-11.819164083076487,sideways,10.349640497143358,0.0,0,True
E,Vta1a,0,4390,fast,1,191.0,16.309839345346003,5.300545917691045,-11.009293427654956,off the route,40.13313908348016,0.0,0,True
E,Vta1a,0,7305,ps_60,2,28.5,26.70237281785632,6.207213145040139,-20.495159672816182,along the road,0.4709742331116958,59.71891719977452,0,True
E,Vta1a,0,9885,fast,3,195.9,33.33927983303037,59.941530247430684,26.602250414400316,along the road,1.7161916285271261,604.5537037764058,0,True
E,Vta1a,0,11213,ps_60,2,166.3,11.676474291254673,4.685102685465769,-6.9913716057889035,off the route,32.91122326840257,0.0,0,True
E,Vta1a,0,12190,fast,1,254.4,65.6751026066441,81.97920914400041,16.304106537356304,along the road,1.0858851202601039,849.9575135043882,0,True
E,Vta1a,0,12340,fast,1,504.4,19.615810680511334,1.8532386024662872,-17.762572078045046,sideways,7.11987564803853,0.0,0,True
E,Vta1a,0,14105,ps_60,4,14.7,14.146715108654396,37.607157157257014,23.460442048602616,off the route,371.1165087316801,0.0,0,True
E,Vta1a,0,15466,ps_60,2,481.6,11.028718494382096,23.409101497508672,12.380383003126576,along the road,0.49398701884903873,241.07853133135086,0,True
E,Vta1a,0,16671,slow,4,226.0,62.69566131687076,20.741916383841442,-41.95374493302932,off the route,207.41100758706546,0.0,0,True
E,Vta1a,0,17895,ps_60,1,565.3,19.51801967974949,44.19727202765554,24.679252347906054,along the road,1.7269609242467403,446.88506040101765,0,True
E,Vta1a,0,18573,ps_60,4,168.4,25.663173025289346,2.35868801040903,-23.304485014880317,sideways,2.4061022421366802,23.94815349335977,0,True
E,Vta1a,0,24094,mixed,3,163.0,31.330992813063794,69.78555202333486,38.454559210271064,off the route,518.7016942460195,232.57208687989134,0,True
E,Vta1a,0,24290,mixed,3,78.5,19.81931805359271,108.01880151989904,88.19948346630633,off the route,694.5827904653098,463.898742635463,0,True
E,Vta29,0,3294,mixed,5,116.6,49.1794399189811,75.10231686425745,25.922876945276343,along the road,0.2742460005978158,923.9230840331464,0,True
E,Vta29,0,14779,ps_60,4,2.5,42.8534461230308,72.04714908841495,29.193702965384155,along the road,0.5134418307041932,756.8074032103257,0,True
E,Vta29,0,16085,ps_60,3,51.7,10.382016421338067,1.3285577523536933,-9.053458668984373,sideways,8.792512360313752,0.0,0,True
E,Vta29,0,16637,fast,1,762.3,15.864606861772037,35.7949468271808,19.930339965408763,along the road,1.1773555092286048,363.58758036620145,0,True
E,Vta29,0,22657,ps_60,4,30.8,28.90312796932766,20.404878261114092,-8.498249708213567,along the road,2.464633918662487,208.39640280097592,0,True
E,Vta30,0,6267,slow,3,6.8,29.890937183819904,62.249612779843325,32.35867559602342,along the road,0.7485661295647734,626.3841119685795,0,True
E,Vtb5,0,4259,ps_60,3,265.0,43.869980774007324,109.85367563348143,65.9836948594741,off the route,613.3495238959895,544.6268488561891,0,True
E,Vtb5,0,4400,ps_60,3,512.6,52.11029496506154,138.7536439001811,86.64334893511955,off the route,771.8177778554767,788.2364504963757,0,True
E,Vtb5,0,7380,mixed,1,629.4,31.263187067923877,2.210426691413518,-29.05276037651036,sideways,2.2424596534013066,22.65642509664565,0,True
E,Vtb5,0,12764,ps_60,1,821.5,47.40364073002037,22.849580546610717,-24.554060183409653,along the road,2.013919927074168,233.12859717959816,0,True
E,Vtb5,0,13126,ps_60,0,1000.4,13.504685845026971,29.584656834224056,16.079970989197086,straight road,4.010716413551556,297.89962011153216,0,True
E,Vtb5,0,14349,ps_60,1,380.1,24.444010675293462,4.360166648035122,-20.08384402725834,off the route,37.95688391703739,0.0,0,True
E,Vtb5,0,15144,ps_60,1,972.7,13.1731022914482,31.231913536712323,18.058811245264124,off the route,304.54825872019194,0.0,0,True
E,Vtb5,0,16738,ps_60,1,434.3,3.953666432572947,4.2724613942672205,0.31879496169427357,off the route,36.512367361049,0.0,0,True
E,Vtb5,0,22503,mixed,1,793.3,10.234890196691861,18.086844016502347,7.851953819810486,off the route,177.88065687078293,0.0,0,True
E,Vtb5,0,22762,mixed,1,38.7,18.083074586900175,64.09264520704528,46.009570620145105,along the road,1.8857317792017867,644.9011908809152,0,True
E,Vtb5,0,23044,slow,2,26.2,34.73635460947327,0.6990322613370924,-34.03732234813617,sideways,4.405322225112247,8.733980216916962,0,True
E,Vtb5,0,27976,fast,1,894.6,33.97569718035162,55.17912220952858,21.203425029176962,along the road,4.174462589534945,557.599993928696,0,True
E,Vtb5,0,28130,fast,0,1001.8,3.180554394893745,1.5082565118422941,-1.672297883051451,straight road,9.980969744587707,0.0,0,True
E,Vtb5,0,29320,fast,0,1001.2,8.050677222686451,24.092121573989314,16.041444351302864,off the route,237.2718784310364,0.0,0,True
E,Vtb5,0,30228,fast,0,1001.2,9.507673157517987,3.599137625901593,-5.908535531616394,straight road,10.746213985738207,0.0,0,True
E,Vtb5,0,30732,fast,1,875.0,9.966354863443346,6.938004564889897,-3.028350298553449,off the route,54.50551288961534,0.0,0,True
E,Vtb5,0,31272,fast,0,1001.2,3.3111902717353034,8.031566828966866,4.720376557231563,straight road,2.674402703633705,88.9922653519651,0,True
E,Vtb5,0,31725,fast,0,1001.5,4.814865142089291,25.624494083953817,20.809628941864524,off the route,238.59030209331365,0.0,0,True
E,Vtb5,0,33660,fast,0,1000.4,4.152197843039136,6.469359631252505,2.317161788213369,off the route,53.997665121561525,0.0,0,True
E,Vtb5,0,33874,fast,0,1002.6,6.778217205232886,23.022715187313562,16.244497982080674,off the route,221.14978417006265,0.0,0,True
E,Vtb5,0,34654,fast,0,1001.6,1.667518149390682,14.14591532529099,12.478397175900307,off the route,138.53002231574325,0.0,0,True
E,Vtb5,0,34748,fast,0,1001.1,11.773760107072949,30.07026439933174,18.296504292258792,off the route,287.41807082740706,0.0,0,True
E,Vtb5,0,34841,fast,0,1001.4,9.847440454984284,14.827924954433978,4.980484499449695,off the route,129.7805888634845,0.0,0,True
E,Vtb5,0,37906,fast,1,403.4,6.878033019294445,10.660412365821644,3.7823793465271986,off the route,84.04153501135644,0.0,0,True
E,Vtb5,0,39805,fast,0,1000.7,3.4793594469681435,13.45050460574597,9.971145158777826,off the route,134.59859431699778,0.0,0,True
E,Vtb5,0,40710,fast,0,1002.7,9.241795557471299,27.914052290372393,18.672256732901094,straight road,0.34116058869759336,290.75878252570305,0,True
E,Vtb5,0,41244,fast,0,1000.4,7.7400755399116905,12.925562166456718,5.1854866265450275,straight road,3.58131217012,130.31658951268707,0,True
E,Vtb5,0,41703,fast,0,1001.2,10.351269824597358,1.985208011539147,-8.366061813058211,straight road,15.757933295623648,0.0,0,True
E,Vtb5,0,41796,fast,0,1000.5,8.927178413148965,34.18657770990045,25.259399296751482,off the route,342.0248434466122,0.0,0,True
E,Vtb5,0,42620,fast,0,1001.1,7.310499434905256,28.382711280382498,21.07221184547724,off the route,278.0368443797762,0.0,0,True
E,Vtb5,0,43171,fast,1,667.9,10.435585947877614,6.275327957590233,-4.1602579902873815,off the route,62.86660595009732,0.0,0,True
E,Vtb5,0,44093,fast,0,1000.2,9.887825189710771,26.085658744415234,16.197833554704463,straight road,3.1873755694432746,269.94409316986753,0,True
E,Vtb5,0,44442,fast,0,1000.9,5.9674421067569,12.969236698037069,7.001794591280168,off the route,109.86397692052141,0.0,0,True
E,Vtb5,0,45204,fast,0,1001.4,5.90859749355911,29.73116068338171,23.8225631898226,straight road,2.5450542014674085,300.9673846707135,0,True
E,Vtb5,0,45302,fast,0,1001.4,0.44478790216684855,21.760915242848988,21.31612734068214,straight road,2.5427847698101536,222.04884651492887,0,True
E,Vtb5,0,45998,slow,0,1000.6,5.637132553643944,26.453065554184647,20.815933000540703,straight road,5.073127983116477,275.85698160736945,0,True
E,Vtb5,0,46314,mixed,0,1001.0,25.036291555143393,51.00891226497795,25.97262070983456,straight road,4.895876089753605,518.5668579717467,0,True
E,Vtb5,0,48612,fast,0,1001.1,24.874326021243075,47.722109377387184,22.84778335614411,off the route,448.7038978939462,0.0,0,True
E,Vtb5,0,48718,ps_60,0,1001.6,18.727717566938367,12.228387197291855,-6.499330369646511,off the route,115.26432771531188,0.0,0,True
E,Vtb5,0,49110,ps_60,0,1002.4,20.17749866112621,42.99612672284755,22.818628061721338,straight road,1.7436766614505796,437.68089496794323,0,True
E,Vtb5,0,49262,fast,0,1000.7,13.361422496377607,33.03212073124825,19.670698234870642,straight road,0.9419933522758974,330.9352105155391,0,True
E,Vtb5,0,49393,fast,0,1001.3,21.538552467206692,43.588169584736505,22.049617117529813,straight road,1.1584852420451892,441.38923877531363,0,True
E,Vtb5,0,49519,fast,0,1002.3,9.71131031992316,32.14644317047258,22.435132850549422,straight road,4.843310566490355,324.221468551013,0,True
E,Vtb5,0,51252,fast,0,1002.3,16.444239231728684,19.868429081626882,3.424189849898198,off the route,173.03275197645203,0.0,0,True
E,Vtb5,0,51746,fast,0,1001.3,7.667745449855843,26.136989948734232,18.46924449887839,off the route,261.7185426113534,0.0,0,True
E,Vtb5,0,52519,fast,0,1000.8,12.991912308803757,12.70386172571813,-0.28805058308562614,off the route,101.2513867345723,0.0,0,True
E,Vtb5,0,53622,fast,0,1000.0,20.409567819361094,31.001738778907786,10.592170959546692,off the route,42.965035647186625,308.2969948676448,0,True
E,Vtb5,0,54266,fast,0,1001.1,7.101781507566215,31.216084191939842,24.114302684373627,off the route,301.24029437970523,0.0,0,True
E,Vtb5,0,55649,fast,0,1000.8,7.033503275657905,24.251675416963952,17.21817214130605,straight road,5.641632808801035,256.6589555611681,0,True
E,Vtb5,0,55856,fast,0,1001.2,6.451876645668466,25.69124942575269,19.239372780084224,off the route,238.22951504345352,0.0,0,True
E,Vtb5,0,55957,fast,0,1002.0,5.953338863853421,23.981694621252807,18.028355757399385,off the route,240.30022032636447,0.0,0,True
E,Vtb5,0,56281,fast,0,1000.1,3.9886961110144106,2.686655835699969,-1.3020402753144418,straight road,17.45438557319698,0.0,0,True
E,Vtb5,0,56849,fast,0,1000.2,7.573098111791677,0.8980886799277805,-6.675009431863897,straight road,7.184136122844551,0.0,0,True
E,Vtb5,0,57074,fast,0,1001.0,10.796797847989119,31.822155673014326,21.025357825025207,off the route,318.53476037486763,0.0,0,True
E,Vtb5,0,57777,fast,0,1000.0,8.932092433768386,1.4438815326167702,-7.488210901151615,straight road,2.9580995423823238,24.603121220235266,0,True
E,Vtb5,0,57893,fast,0,1000.2,7.918007900708778,31.257339005629927,23.33933110492115,off the route,287.9772945061671,0.0,0,True
E,Vtb5,0,58008,fast,0,1002.0,1.5267235791711826,20.951933952286755,19.425210373115572,off the route,202.0137614672941,0.0,0,True
E,Vtb5,0,58351,fast,0,1000.3,6.395194888267874,25.30534654689959,18.910151658631715,straight road,1.8865371266948523,258.98431255743697,0,True
E,Vtb5,0,58472,fast,0,1001.9,10.094499610284808,27.42408319312978,17.32958358284497,straight road,3.4445110431441375,276.9755598476512,0,True
E,Vtb5,0,58590,fast,0,1000.6,2.323575512667333,9.770365063646661,7.446789550979329,straight road,10.467480762312311,108.13938703614497,0,True
E,Vtb5,0,61282,slow,2,634.7,13.892931146605065,48.63960319898711,34.746672052382046,along the road,3.4544201513385167,487.43022926807976,0,True
E,Vtb5,0,62197,ps_60,0,1000.5,8.783198562367714,32.020112801442465,23.23691423907475,straight road,4.384723138300035,321.5556202189357,0,True
E,Vw2,0,11744,fast,0,1000.4,4.549786379218919,43.228868410840064,38.67908203162115,straight road,9.479284617713093,432.89739024701134,0,True
E,Vw2,0,13109,fast,0,1001.2,8.815320346156167,29.11696976347345,20.301649417317282,off the route,274.32975478331866,0.0,0,True
E,Vw2,0,14338,fast,0,1001.1,10.482392313001792,40.36641357533682,29.88402126233503,straight road,3.380188574392481,408.7332233795531,0,True
E,Vw2,0,20455,ps_60,0,1000.4,6.324744572351977,29.96114660238481,23.636402030032833,straight road,3.3600886399378145,301.6059296139397,0,True
E,Vw2,0,20986,fast,0,1002.1,11.629983505948331,31.965346003712796,20.335362497764464,straight road,1.7122425178610126,332.8726767359966,0,True
E,Vw2,0,22906,ps_60,3,523.1,2.244073560058372,18.84009642918538,16.596022869127008,along the road,6.1239579510392925,191.07277944561497,0,True
E,Vw2,0,23085,ps_60,2,773.6,49.86917820195801,10.305172731663928,-39.56400547029408,along the road,2.0640834930582694,110.00522466940208,0,True
E,Vw2,0,25394,fast,0,1001.7,9.617845129615242,15.470694521928188,5.852849392312946,straight road,0.7104939830522621,168.22639016197388,0,True
E,Vw2,0,25806,fast,0,1001.6,2.222549030276572,0.4553512524700733,-1.7671977778064984,straight road,4.301781598627715,2.8433969500306375,0,True
E,Vw2,0,25981,fast,0,1001.7,11.25979372111858,28.640656235881146,17.380862514762565,straight road,3.432329388126123,300.5780841109705,0,True
E,Vw2,0,26504,fast,2,532.1,3.380417605099306,13.613466497103838,10.233048892004533,off the route,113.08121764292407,0.0,0,True
E,Vw2,0,26938,fast,1,820.6,9.837833533551262,16.074744121800293,6.236910588249032,along the road,4.088679653232112,180.66997724801843,0,True
E,Vw2,0,27115,fast,0,1001.6,2.0097460848104713,3.288186333063605,1.2784402482531338,straight road,3.512617751965515,60.348283789814786,0,True
E,Vw2,0,28253,fast,0,1001.1,8.334849900372546,31.52062901018712,23.185779109814572,off the route,307.6040629583731,0.0,0,True
E,Vw2,0,29416,fast,0,1002.3,6.020195053086396,1.9775818531089684,-4.042613199977428,straight road,0.9228003872190252,20.38161233243534,0,True
E,Vw2,0,30688,fast,0,1001.2,11.486281014573729,29.58044214100629,18.09416112643256,off the route,271.47862727846746,0.0,0,True
E,Vw2,0,30966,fast,0,1002.3,11.804236969283883,4.0462798795947625,-7.75795708968912,straight road,0.7505645010573748,40.74326817947167,0,True
E,Vw2,0,31161,fast,0,1000.3,6.774820800759334,29.838691002135505,23.063870201376172,off the route,271.81188714729143,0.0,0,True
E,Vw2,0,31260,fast,0,1002.5,10.873106763758289,21.66402477618194,10.790918012423651,off the route,192.11911981576228,0.0,0,True
E,Vw2,0,32180,fast,0,1000.5,7.451314257678394,33.49737776695066,26.04606350927227,off the route,335.13645852206366,0.0,0,True
E,Vw2,0,33106,fast,0,1002.1,4.313137423600154,23.2620644805754,18.948927056975247,straight road,0.511788969153951,236.88534848232678,0,True
E,Vw2,0,34138,fast,0,1000.9,6.406451020428788,26.48495100643793,20.07849998600914,off the route,259.47712988792574,0.0,0,True
E,Vw2,0,35664,fast,0,1001.1,3.150188709307329,19.149383525174777,15.999194815867448,off the route,191.7006498704766,0.0,0,True
E,Vw2,0,35775,fast,0,1001.2,1.6475444325064132,20.700170051449383,19.05262561894297,off the route,198.79473508221398,0.0,0,True
E,Vw2,0,36009,fast,0,1001.8,1.641187792028935,21.805858433445046,20.164670641416112,straight road,0.7223228534361641,232.10791526287187,0,True
E,Vw2,0,36123,fast,0,1000.0,7.642813317808959,24.794287943913417,17.15147462610446,straight road,1.4073630005916995,258.16253276262955,0,True
E,Vw2,0,36237,fast,0,1000.8,3.7617586877134817,20.624978789654335,16.863220101940854,straight road,0.8543268578587804,207.59289045894513,0,True
E,Vw2,0,36355,fast,0,1000.9,2.0886276439626803,26.48109255584253,24.39246491187985,straight road,1.1484118182192609,271.7108923145943,0,True
E,Vw2,0,36467,fast,0,1000.6,7.195884553135755,33.58338496171232,26.387500408576564,straight road,1.1965936981408845,342.4037666523932,0,True
E,Vw2,0,37798,fast,0,1001.2,3.10673741866212,22.387803801093344,19.281066382431224,off the route,218.35353560277102,0.0,0,True
E,Vw2,0,38705,fast,0,1002.3,3.1822413436034855,34.52386111208973,31.341619768486247,off the route,328.58945829656085,0.0,0,True
E,Vw2,0,39040,fast,0,1001.6,6.326165830934218,14.983295077183223,8.657129246249006,straight road,1.273816859573188,163.81176112601804,0,True
E,Vw2,0,39150,fast,0,1001.5,5.217006311011325,26.635027765197375,21.41802145418605,off the route,250.2828249108441,0.0,0,True
E,Vw2,0,39357,fast,0,1001.1,17.058425057542735,36.45604170918297,19.397616651640234,off the route,344.1808681784559,0.0,0,True
E,Vw2,0,39823,fast,0,1002.3,4.43217572555468,23.39413546150471,18.961959735950032,straight road,1.294672116907809,235.55988556094826,0,True
E,Vw2,0,39938,fast,0,1000.6,5.5328590818104475,19.16665181281991,13.633792731009464,straight road,1.2444687346060817,194.6796336642833,0,True
E,Vw2,0,42059,fast,0,1000.5,13.308345836600346,33.17080166993009,19.862455833329747,straight road,2.850549651668235,341.4280984018724,0,True
E,Vw2,0,42761,fast,0,1002.0,4.873658857026183,7.272239658253022,2.3985808012268386,straight road,2.8608238509785595,78.61652572048683,0,True
E,Vw2,0,42875,fast,0,1000.3,7.255571410703684,17.36080498584057,10.105233575136886,straight road,2.633610747211541,182.73208659675117,0,True
E,Vw2,0,43331,fast,0,1000.3,6.374588991519229,22.8138988861807,16.43930989466147,straight road,2.7690279538054274,233.33537594104837,0,True
E,Vw2,0,43566,fast,0,1001.7,7.943059763230355,27.80472772923002,19.861667965999665,straight road,2.566076885128877,278.5997468530983,0,True
E,Vw2,0,43794,fast,0,1000.2,10.83053117320148,27.87661577851487,17.04608460531339,straight road,3.594888354368523,278.9734267851014,0,True
E,Vw2,0,43915,fast,0,1000.4,16.919942813630218,46.24283535887368,29.32289254524346,straight road,3.877590606738872,464.1025460847451,0,True
E,Vw2,0,46672,ps_60,0,1000.3,23.422434597679278,43.59973734921026,20.17730275153098,off the route,431.2125817827915,0.0,0,True
E,Vw2,0,47294,ps_60,0,1000.1,7.08764242483214,45.39922949622972,38.31158707139758,off the route,451.54112566834175,0.0,0,True
E,Vw2,0,48253,mixed,3,645.9,10.108521104594267,38.457717128433714,28.349196023839447,along the road,1.3074549752314382,386.8261816531698,0,True
E,Vw2,0,48445,mixed,2,34.0,47.86703412285716,72.94555644077754,25.078522317920374,along the road,1.0676077867148268,731.6802309213247,0,True
E,Vw4,0,10319,ps_60,4,3.6,30.557315813251417,78.98649604918648,48.429180235935064,off the route,199.310141813293,1000.9029254972916,0,True
E,Vw4,0,10678,ps_60,4,300.1,10.586855148550141,69.74957906176955,59.16272391321941,off the route,549.1657610122694,379.39807130818394,0,True
E,Vw4,0,11760,ps_60,4,91.6,40.772032131684085,104.3211817409491,63.549149609265015,off the route,1002.8789298161144,631.8881832737327,0,True
E,Vw4,0,15668,ps_60,2,402.6,22.18503074743421,15.581896526980412,-6.6031342204538,along the road,2.4239902286150588,160.29922884819746,0,True
E,Vw4,0,15819,ps_60,3,113.5,11.377302138970954,30.51813053280481,19.140828393833857,along the road,3.0131695607670546,311.40642947191554,0,True
E,Vw4,0,17786,ps_60,1,382.8,16.98571861016719,60.7463550201126,43.76063640994541,along the road,18.265604507568042,892.1122256574461,0,True
E,Vw4,0,17905,ps_60,2,113.9,19.35242054897763,89.3164302463315,69.96400969735387,off the route,845.2254609298744,167.1589962332091,0,True
E,Vw4,0,18619,ps_60,3,410.3,37.80200628313329,3.014462598024802,-34.78754368510849,sideways,4.91297840023592,38.71500774148103,0,True
E,Vw4,0,18783,ps_60,3,148.7,37.71338279228621,76.59636996753864,38.882987175252424,along the road,2.1472766543968307,788.4027710412219,0,True
E,Vw4,0,19601,ps_60,2,694.9,31.900690477792494,48.50313952220056,16.60244904440807,along the road,2.0246440759612523,488.0455583168591,0,True
E,Vw4,0,19753,ps_60,2,232.5,51.20278046650451,77.30630205616536,26.103521589660858,along the road,3.099224804673825,786.222810724018,0,True
E,Vw4,0,20545,slow,5,80.4,30.065353055156013,13.426864034016559,-16.638489021139456,off the route,128.5054948635994,0.0,0,True
E,Vw4,0,20799,mixed,4,76.3,26.835211829827557,73.60425124220401,46.76903941237646,off the route,583.2530294154284,473.82813409804805,0,True
E,Vw4,0,21154,mixed,5,199.6,55.747650721348855,6.210346580812935,-49.53730414053592,along the road,1.2588374115576904,64.00047147973169,0,True
E,Vw4,0,28669,fast,1,868.1,11.906083576137611,10.405479339127739,-1.5006042370098722,along the road,1.331986676890203,121.05967587241969,0,True
E,Vw4,0,29487,fast,0,1000.5,11.075357384954266,0.4853740079520421,-10.589983377002223,straight road,2.8493237478722913,0.0,0,True
E,Vw4,0,30957,ps_60,2,595.4,55.36392067046279,17.534030078655693,-37.8298905918071,off the route,162.16327925895322,0.0,0,True
E,Vw4,0,32274,ps_60,4,150.4,8.046347829870554,29.82691447492047,21.780566645049916,along the road,1.8159487194565123,304.3613741574653,0,True
E,Vw4,0,32641,ps_60,2,649.5,8.696528210448028,9.666087786754856,0.9695595763068283,along the road,1.4925042787255982,111.28464454417622,0,True
E,Vw4,0,34304,fast,2,741.8,22.408718579316606,54.27199428779943,31.863275708482824,along the road,1.0362374201825135,544.9267809628834,0,True
E,Vw4,0,35719,ps_60,1,615.0,17.435835769946987,56.504792543286634,39.06895677333965,along the road,1.4176787446854189,576.6276138885894,0,True
E,Vw4,0,35846,mixed,2,30.3,45.00607719320574,149.52949532427013,104.52341813106439,off the route,704.7891693661452,829.09131384822,0,True
E,Vw4,0,38609,fast,1,566.9,5.619325504258531,22.725940573520806,17.106615069262276,along the road,1.3818273351284114,236.78795876913682,0,True
E,Vw4,0,39140,fast,1,577.6,18.861153911616185,58.67176128104562,39.810607369429434,off the route,536.47291424979,258.53390367754184,0,True
E,Vw4,0,39238,fast,1,827.1,2.453528859460096,75.30319719988616,72.84966834042606,off the route,647.3110217450813,413.3149005220332,0,True
E,Vw4,0,39911,fast,0,1001.2,4.555288015424449,11.647420543654873,7.092132528230423,straight road,2.5307998589954543,130.11886763862344,0,True
E,Vw4,0,40904,fast,3,68.9,34.73742183873256,74.17285824113631,39.43543640240375,off the route,638.9744685979865,371.4482287591409,0,True
E,Vw4,0,41006,ps_60,3,319.2,9.441204961516222,77.65422391066576,68.21301894914954,off the route,527.4466656743173,642.0732573460327,0,True
E,Vw4,0,43077,fast,0,1001.5,2.0364850468264386,8.847610463969952,6.811125417143513,off the route,78.28705682203822,0.0,0,True
E,Vw4,0,43159,fast,0,1001.4,10.160817430296813,26.48101354405767,16.320196113760858,off the route,234.4372499845031,0.0,0,True
E,Vw4,0,43409,fast,1,46.8,3.686207335654264,8.610113856875484,4.9239065212212205,along the road,3.0108269566878882,99.86756513481134,0,True
E,Vw4,0,44737,fast,0,1000.9,0.7413732724606269,5.899739279444807,5.15836600698418,off the route,52.45650587333995,0.0,0,True
E,Vw4,0,45429,fast,0,1003.1,5.21391371398036,10.970492586911382,5.756578872931022,straight road,5.787243963577574,121.3803230073471,0,True
E,Vw4,0,47152,fast,0,1001.0,10.432356270817161,31.031323840456267,20.598967569639107,straight road,2.051743719866025,314.73042651535184,0,True
E,Vw4,0,47395,fast,0,1001.4,8.437102508259475,33.76244298732356,25.325340479064085,straight road,2.803718017093135,352.69268948177296,0,True
E,Vw4,0,49349,fast,0,1002.0,16.893453696214177,2.2781054607658975,-14.61534823544828,straight road,1.4510266024606715,47.80873202903081,0,True
E,Vw4,0,50686,fast,0,1000.4,23.09836692616351,27.494956914147192,4.396589987983681,straight road,2.7909521260808647,274.7082306089858,0,True
E,Vw4,0,52298,fast,1,32.7,15.692266565520661,19.635107204736823,3.9428406392161612,along the road,1.5046805718174938,203.74466066996183,0,True
E,Vw4,0,57706,fast,0,1002.1,11.989276022788387,21.523037036504178,9.533761013715791,straight road,2.6580338697346138,225.60867467122068,0,True
E,Vw4,0,58428,fast,0,1001.5,18.466870470852385,19.82582888700201,1.3589584161496262,off the route,195.33793304929623,0.0,0,True
E,Vw4,0,59701,fast,0,1000.4,3.836608659201536,20.620087582805503,16.783478923603965,straight road,3.3914321312364404,220.1778156408218,0,True
E,Vw4,0,59878,fast,0,1000.4,3.6848002209580777,20.974369858235654,17.289569637277577,straight road,3.1214594596284058,220.42187842655983,0,True
E,Vw4,0,59963,fast,0,1002.5,6.41868941085166,2.0220902924828237,-4.396599118368837,straight road,4.840587887647895,24.466757655932497,0,True
E,Vw4,0,60132,fast,0,1001.6,4.018660143390475,4.229194900063215,0.21053475667273958,straight road,2.9447335010190456,51.13659296451499,0,True
E,Vw4,0,61218,fast,0,1001.2,15.611327666489741,11.714922134645096,-3.8964055318446444,straight road,2.2883277940670332,122.48553496696695,0,True
E,Vw4,0,61475,fast,0,1001.0,1.620425675267494,0.7067277442695411,-0.9136979309979528,straight road,1.8946425697330203,11.407098843739618,0,True
E,Vw4,0,61817,fast,0,1001.7,10.417959857795843,15.43912002414378,5.021160166347936,straight road,1.3434243953125797,172.23219337477326,0,True
E,Vw4,0,62728,fast,0,1000.2,12.822257588499681,35.10483334309004,22.28257575459036,off the route,327.203078284415,0.0,0,True
E,Vw4,0,65221,fast,1,80.8,7.811596437317383,9.797971273053772,1.986374835736389,off the route,86.10489586838483,0.0,0,True
E,Vw4,0,66393,fast,1,981.3,14.49315332785005,22.584984753346173,8.091831425496123,off the route,214.84077089510367,0.0,0,True
E,Vw4,0,67144,fast,0,1002.7,14.13603007521624,17.597142639300174,3.4611125640839333,straight road,1.4505595385978889,193.67167254590152,0,True
E,Vw4,0,68128,fast,0,1001.8,9.71213800476233,1.2775994664884784,-8.434538538273852,straight road,6.9498114881300985,13.391544181127415,0,True
E,Vw4,0,70259,fast,0,1001.1,6.805416730182072,4.174768511808594,-2.6306482183734783,straight road,28.754216541570397,0.0,0,True
E,Vw4,0,70841,fast,2,293.4,12.74732325919487,14.54321769103907,1.7958944318442,off the route,132.3708315152063,0.0,0,True
E,Vw4,0,71916,fast,1,479.1,11.316470185439348,6.681699620744545,-4.634770564694803,off the route,60.91581002944973,0.0,0,True
E,Vw4,0,72561,fast,0,1002.9,11.288644113404809,19.850964639060454,8.562320525655645,straight road,1.302981338528123,198.04161142298358,0,True
E,Vw4,0,72920,fast,0,1001.2,9.795860194416122,6.793107652828617,-3.0027525415875047,straight road,0.6720077901566537,81.76305007100609,0,True
E,Vw4,0,73441,ps_60,4,62.6,52.04792866812936,86.95225286794815,34.90432419981879,off the route,869.8233566642516,0.0,0,True
E,Vw4,0,73529,mixed,3,312.3,71.37587326540029,147.8173263616985,76.4414530962982,off the route,1459.9315795222747,0.0,0,True
E,Vw4,0,74100,ps_60,0,1000.6,32.73470551978251,6.44884821932515,-26.28585730045736,straight road,4.256224302383365,76.35046588079888,0,True
E,Vw4,0,74609,ps_60,2,352.7,13.887959781909792,7.933916689742754,-5.954043092167038,off the route,66.85709666951539,0.0,0,True
E,Vw4,0,77125,ps_60,2,400.1,29.619200652671363,52.55770189985489,22.938501247183527,off the route,103.95737798288258,507.9379752290661,0,True
E,Vw4,0,79357,slow,2,555.3,21.4532866031157,40.499348252043454,19.046061648927754,along the road,0.07919019427406697,406.6016195903054,0,True
E,Vw4,0,80427,fast,3,112.1,15.330313235339172,3.3700245221753637,-11.96028871316381,off the route,31.48883968878776,0.0,0,True
E,Vw4,0,91686,slow,5,114.9,27.148178386267812,109.35548144319968,82.20730305693186,off the route,632.762006426572,853.0438258192028,0,True
E,Vw4,0,94371,mixed,4,244.6,17.161152477060046,3.803427062828918,-13.357725414231128,sideways,3.611856221014889,38.890858661201605,0,True
E,Vw4,0,94536,mixed,3,494.6,19.870566148591696,29.746876652028895,9.8763105034372,along the road,3.8470605946753045,304.79857109480076,0,True
E,Vw4,0,94772,ps_60,2,743.5,35.071560135612195,2.9986534741198807,-32.07290666149231,sideways,21.287090601578335,0.0,0,True
E,Vw4,0,97669,ps_60,4,74.5,29.762680155310804,12.922128459377682,-16.840551695933122,off the route,120.85248171514111,0.0,0,True
E,Vw4,0,100098,fast,2,373.9,15.456118862752685,32.13159313427374,16.675474271521058,along the road,1.5802634394431134,327.03331103902576,0,True
E,Vw4,0,100480,fast,1,332.8,9.093084910257842,6.654489116014555,-2.4385957942432865,off the route,44.17328645108876,0.0,0,True
E,Vw4,0,103613,mixed,2,1.2,23.000327596159273,39.0464016947603,16.046074098601025,along the road,3.0423312367483883,396.07310821347437,0,True
E,Vw4,0,105431,slow,4,581.0,33.543498439160196,77.97932653906045,44.435828099900256,along the road,2.253208849226486,799.2252968173651,0,True
E,Vw4,0,117671,slow,4,29.4,20.68102876259078,37.111151903434475,16.430123140843694,along the road,18.381162704395464,416.29760720397644,0,True
E,Vw4,0,117899,slow,4,280.1,3.0755162394310944,9.344478135564614,6.26896189613352,along the road,3.7741033417274,100.73570234029773,0,True
E,Vw4,0,118304,mixed,2,151.9,32.64964885354053,91.50364760865006,58.85399875510952,off the route,222.67765508694401,794.0710504760614,0,True
E,Vw4,0,118661,ps_60,1,402.6,24.53302007538196,2.262257623518164,-22.270762451863796,sideways,8.595285471302782,0.0,0,True
E,Vw4,0,120150,slow,4,117.9,29.35144671504438,52.99784895537979,23.64640224033541,along the road,4.8424062151961556,581.2533706159693,0,True
E,Vw4,0,120342,slow,5,202.6,30.51713682216176,71.7204704774376,41.20333365527584,off the route,679.2390175843808,169.62934210962408,0,True
E,Vw4,0,123911,slow,4,183.0,24.537383850498166,53.999651211200664,29.462267360702498,along the road,3.0317980551294648,634.527922596789,0,True
D,Y1,3,8154,slow,5,238.0,14.776415904929296,35.68391443664482,20.907498531715525,off the route,137.84928616032994,617.1873950383284,0,True
D,Y1,3,14054,mixed,3,260.1,17.134955241861924,40.59591262953313,23.460957387671208,off the route,45.824489388170335,400.01677388365476,0,True
D,Y1,3,14429,mixed,4,79.5,10.913180258164877,60.36864477340611,49.45546451524123,off the route,62.89988860507588,892.3693939810048,0,True
D,Y1,3,14735,mixed,2,330.6,3.2293870916885656,9.530058076053571,6.300670984365006,off the route,78.07007632328386,0.0,0,True
D,Y1,3,19523,slow,2,543.2,11.182150951073716,30.273690378000246,19.09153942692653,along the road,2.6549985052355924,304.3115721546892,0,True
D,Y1,3,19880,mixed,2,68.6,26.036750282046395,5.606063326205242,-20.430686955841153,along the road,3.9489804434219367,64.13830329278926,0,True
D,Y1,3,20138,mixed,1,317.4,30.636915048887946,4.572594963696467,-26.06432008519148,off the route,34.82684331944175,0.0,0,True
D,Y1,3,20538,mixed,3,20.1,12.182479602392032,45.07210195723546,32.889622354843425,off the route,259.71914890391616,369.673948585189,0,True
D,Y1,3,21747,slow,4,406.6,42.9812781061898,69.66319765690203,26.68191955071223,off the route,329.9334952331757,419.66476087715523,0,True
D,Y1,3,32464,ps_60,4,148.9,4.002043957709436,4.648403806528599,0.6463598488191629,off the route,46.531919051994606,0.0,0,True
D,Y1,3,32611,ps_60,4,115.1,4.311505796326221,1.1269849589394554,-3.184520837386766,sideways,7.3406437295484706,0.0,0,True
D,Y1,3,39413,slow,6,22.0,14.734382112295751,0.4847041006019224,-14.24967801169383,sideways,2.726874133254295,9.600464300169733,0,True
D,Y1,3,43052,slow,6,57.6,16.380202800958077,33.01533647000085,16.63513366904277,off the route,315.97833595638497,94.14016869816976,0,True
D,Y1,3,46060,ps_60,2,405.1,33.29234491049995,0.9008382173846925,-32.391506693115254,sideways,7.6722235066128315,14.034762375103469,0,True
D,Y1,3,46289,ps_60,2,129.9,16.565529480232726,1.6155639777579127,-14.949965502474814,sideways,15.198597689926318,0.0,0,True
D,Y1,3,60033,slow,5,66.6,5.3305738485093785,21.654837621655638,16.32426377314626,off the route,41.88450470569691,566.7303199028374,0,True
