driver,dur_s,dist_m,coast,model,oracle,coast_m,n
A,5,52,5.4,5.5,1.7,2.8,1267
A,10,105,9.7,9.9,1.8,10.2,1274
A,20,219,11.3,13.3,1.5,24.7,1251
A,30,340,13.5,15.9,1.5,45.9,1234
A,45,504,14.1,19.9,1.5,71.2,1218
A,60,681,15.3,23.2,1.5,104.5,1209
A,90,1073,16.8,27.4,1.4,180.1,1115
A,120,1532,17.6,29.2,1.2,270.3,954
B,5,59,3.5,3.9,1.3,2.1,552
B,10,120,5.8,6.6,1.2,7.0,552
B,20,244,9.8,11.2,1.2,23.8,544
B,30,353,11.5,13.1,1.1,40.6,536
B,45,540,12.7,15.3,1.2,68.6,524
B,60,714,14.9,19.0,1.2,106.2,512
B,90,1081,14.4,26.7,1.2,155.3,488
B,120,1460,16.6,28.3,1.3,242.2,466
D,5,52,5.1,5.7,1.7,2.7,196
D,10,100,8.4,7.8,1.7,8.4,200
D,20,217,14.5,15.6,1.6,31.5,200
D,30,335,13.7,16.4,1.6,46.0,200
D,45,494,15.7,26.2,1.5,77.3,200
D,60,680,12.5,27.2,1.3,85.2,200
D,90,1005,16.1,40.5,1.6,161.4,200
D,120,1341,15.5,57.4,1.7,207.8,200
E,5,76,3.2,3.6,1.0,2.4,2343
E,10,153,5.0,6.0,1.0,7.6,2305
E,20,317,7.4,9.0,1.0,23.4,2194
E,30,478,8.6,10.8,1.0,41.0,2098
E,45,753,9.4,12.4,0.9,70.6,1968
E,60,1054,10.3,13.7,0.9,108.7,1858
E,90,1657,10.1,14.9,0.8,167.9,1705
E,120,2292,11.1,19.0,0.8,253.5,1581
