type,E_per_km,E_unique,E_pct_1km,B_per_km,B_unique,B_pct_1km,A_per_km,A_unique,A_pct_1km,D_per_km,D_unique,D_pct_1km
junction=roundabout,0.2599036247144013,158,20.452956801342093,0.562263374153702,38,43.29089128305583,0.4248415288695731,68,31.325757575757574,0.7757937586715901,24,51.19266055045872
highway=mini_roundabout,0.012311224328576903,8,0.8947294841325318,0.13341842776528523,14,7.835455435847209,0.1329938699069968,26,9.015151515151516,0.16237543786149558,9,7.339449541284404
highway=turning_circle,0.0,0,0.0,0.019059775395040748,2,1.9588638589618022,0.02585991914858271,6,2.6515151515151514,0.03608343063588791,2,3.669724770642202
ANY TURN,0.2722148490429782,166,21.11002376625192,0.714741577314028,54,51.616062683643484,0.5836953179251526,100,41.25,0.9742526271689735,35,56.14678899082569
highway=traffic_signals,0.35976133315730285,237,10.401230253040682,1.3723038284429336,130,38.78550440744368,1.300384505757302,222,37.04545454545455,1.4613789407534603,63,47.3394495412844
highway=stop,0.002735827628572645,1,0.26562281560184536,0.0,0,0.0,0.007388548328166489,2,0.7575757575757576,0.018041715317943956,1,1.834862385321101
highway=give_way,0.16825339915721768,113,6.067384314273731,0.11435865237024448,11,9.59843290891283,0.25490491732174386,56,13.068181818181818,0.14433372254355165,7,11.376146788990825
railway=level_crossing,0.002735827628572645,2,0.02796029637914162,0.0,0,0.0,0.0,0,0.0,0.018041715317943956,1,1.834862385321101
barrier=toll_booth,0.0,0,0.0,0.0,0,0.0,0.0,0,0.0,0.0,0,0.0
barrier=lift_gate,0.00547165525714529,4,0.3075632601705578,0.009529887697520374,1,0.9794319294809011,0.011082822492249733,3,0.7954545454545454,0.018041715317943956,1,1.834862385321101
ANY STOP,0.5389580428288111,357,14.371592338878791,1.4961923685106986,142,46.81684622918707,1.5737607938994622,283,42.68939393939394,1.659837809250844,73,55.41284403669725
traffic_calming=*,0.03282993154287174,22,2.278764154900042,0.2477770801355297,20,4.995102840352596,0.18840798236824546,40,8.712121212121213,0.09020857658971977,5,6.605504587155964
barrier=cattle_grid,0.015047051957149548,8,0.8527890395638194,0.0,0,0.0,0.0,0,0.0,0.0,0,0.0
ANY JOLT,0.04787698350002129,30,3.1315531944638613,0.2477770801355297,20,4.995102840352596,0.18840798236824546,40,8.712121212121213,0.09020857658971977,5,6.605504587155964
highway=motorway_junction,0.12858389854291433,88,11.813225220187334,0.2096575293454482,16,11.067580803134183,0.1994908048604952,28,11.212121212121213,0.6675434667639263,15,21.28440366972477
tunnel=yes,0.0068395690714316126,5,0.6710471130993989,0.07623910158016299,4,2.1547502448579823,0.014777096656332978,4,0.6818181818181818,0.10825029190766372,3,3.853211009174312
bridge=yes,0.6552307170431485,445,33.35663358031595,0.8862795558693947,82,38.295788442703234,0.7019120911758164,118,23.71212121212121,2.1108806921994425,56,40.73394495412844
ANY HIGHWAY,0.7906541846574945,538,39.130434782608695,1.1721761867950058,102,39.27522037218413,0.9161799926926446,150,27.46212121212121,2.8866744508710327,74,41.65137614678899
highway=crossing,0.6347120098288537,405,13.924227596812527,1.9440970902941561,190,46.718903036238984,3.2361841677369223,596,61.32575757575758,2.760382443645425,125,68.80733944954129
highway=speed_camera,0.042405328242875996,31,4.194044456871243,0.07623910158016299,8,5.8765915768854065,0.09605112826616435,13,8.181818181818182,0.09020857658971977,4,4.036697247706422
highway=milestone,0.0013679138142863225,1,0.1398014818957081,0.0,0,0.0,0.0036942741640832444,1,0.3787878787878788,0.0,0,0.0
ANY OTHER,0.6784852518860159,437,17.670907311617505,2.020336191874319,198,48.87365328109696,3.3359295701671696,610,62.878787878787875,2.8505910202351448,129,68.9908256880734
ANY STRONG (turn/stop/jolt),0.8590498753718105,553,29.595973717321403,2.4587110259602563,216,73.35945151811949,2.3458640941928603,423,64.39393939393939,2.7242990130095373,113,80.91743119266054
ANY STRONG + HIGHWAY,1.649704060029305,1091,54.56451838389487,3.6308872127552623,318,83.54554358472086,3.262044086885505,573,71.5530303030303,5.61097346388057,187,86.05504587155963
