driver,role,set,distance_m,blackouts,baseline_pct,filter_pct,baseline_pass,filter_pass
E,test,moving,50,2678,2.48,2.48,91.6,91.6
E,test,moving,100,2649,3.48,3.46,85.35,85.84
E,test,moving,200,2603,5.04,3.04,76.41,85.44
E,test,moving,500,2485,7.73,6.17,61.17,69.46
E,test,moving,1000,2338,10.21,9.54,48.76,52.05
B,tuning,moving,50,363,3.75,3.75,76.86,76.86
B,tuning,moving,100,346,5.18,5.17,69.65,69.94
B,tuning,moving,200,332,8.57,5.93,53.92,65.66
B,tuning,moving,500,261,13.66,5.21,39.85,68.58
B,tuning,moving,1000,183,15.36,4.95,33.88,65.57
A,tuning,moving,50,962,4.16,4.16,74.12,74.12
A,tuning,moving,100,935,5.96,5.87,64.17,64.81
A,tuning,moving,200,857,8.37,5.34,55.54,69.89
A,tuning,moving,500,699,11.42,5.3,44.49,67.67
A,tuning,moving,1000,515,13.07,5.48,39.81,65.44
D,test,moving,50,187,5.01,5.01,70.59,70.59
D,test,moving,100,176,6.84,6.83,61.93,62.5
D,test,moving,200,161,11.49,6.66,45.96,65.22
D,test,moving,500,123,13.14,3.77,36.59,76.42
D,test,moving,1000,83,15.17,3.05,31.33,69.88
D+E,test,moving·slow,50,273,13.04,13.04,39.93,39.93
D+E,test,moving·slow,100,263,19.34,18.57,23.57,24.71
D+E,test,moving·slow,200,220,23.99,14.59,14.55,37.27
D+E,test,moving·slow,500,163,24.77,6.59,12.88,58.28
D+E,test,moving·slow,1000,98,26.22,6.64,11.22,56.12
D+E,test,moving·mixed,50,263,5.99,5.99,77.57,77.57
D+E,test,moving·mixed,100,239,8.24,8.23,60.67,61.92
D+E,test,moving·mixed,200,253,12.99,7.43,37.55,60.08
D+E,test,moving·mixed,500,221,19.69,7.97,19.46,53.39
D+E,test,moving·mixed,1000,177,22.91,9.32,17.51,53.11
D+E,test,moving·ps_60,50,477,4.06,4.06,89.94,89.94
D+E,test,moving·ps_60,100,475,5.8,5.72,75.16,75.79
D+E,test,moving·ps_60,200,454,9.01,6.37,53.96,68.94
D+E,test,moving·ps_60,500,432,14.3,7.58,28.94,57.64
D+E,test,moving·ps_60,1000,407,19.79,5.7,17.94,63.39
D+E,test,moving·fast,50,1852,1.86,1.86,99.51,99.51
D+E,test,moving·fast,100,1848,2.63,2.61,97.73,98.0
D+E,test,moving·fast,200,1837,3.89,2.38,92.05,97.01
D+E,test,moving·fast,500,1792,6.23,5.71,76.79,75.78
D+E,test,moving·fast,1000,1739,8.25,10.03,60.44,49.91
E,test,stopgo,50,2698,2.5,2.5,90.92,90.92
E,test,stopgo,100,2693,3.54,3.53,84.03,84.55
E,test,stopgo,200,2685,5.23,3.16,74.23,83.17
E,test,stopgo,500,2668,8.43,6.59,57.16,66.45
E,test,stopgo,1000,2641,11.14,10.0,44.04,50.02
B,tuning,stopgo,50,371,3.86,3.86,75.47,75.47
B,tuning,stopgo,100,369,5.52,5.48,65.58,65.85
B,tuning,stopgo,200,368,10.33,6.21,49.18,62.23
B,tuning,stopgo,500,364,15.9,5.96,33.52,61.81
B,tuning,stopgo,1000,358,18.46,7.81,25.42,54.75
A,tuning,stopgo,50,1000,4.51,4.51,71.5,71.5
A,tuning,stopgo,100,998,6.78,6.68,60.52,61.22
A,tuning,stopgo,200,995,10.22,6.28,48.94,63.92
A,tuning,stopgo,500,984,14.58,7.04,34.86,58.74
A,tuning,stopgo,1000,968,17.46,8.93,28.31,52.89
D,test,stopgo,50,193,5.21,5.21,68.39,68.39
D,test,stopgo,100,192,7.85,7.67,57.29,58.33
D,test,stopgo,200,191,13.53,7.15,40.84,59.69
D,test,stopgo,500,189,18.63,5.26,27.51,65.08
D,test,stopgo,1000,185,18.17,6.2,23.78,56.76
