name,n,can_valid,vbox_valid,can_allzero,can_max,vbox_max,bias,corr
S-M,105974,100.0,100.0,False,100.81,100.688,0.31072733209089004,0.996293153445712
S-S1,51746,100.0,100.0,False,68.09,93.834,0.2806125257836352,0.9967912960675799
S-S2,93876,100.0,100.0,False,105.1,105.224,0.20254401148110257,0.9997170302445174
S-S3a,24621,100.0,100.0,False,98.18,98.017,0.26165035355996885,0.9997963340841275
S-S3b,6813,100.0,100.0,False,44.81,44.734,0.2445656779539115,0.998548942426551
S-S3c,37183,100.0,100.0,False,117.2,117.122,0.4585931421778769,0.9958469561658734
S-S4,94600,100.0,100.0,False,109.8,109.631,0.24070838767547545,0.9997473018961289
S-Vfa01,11535,100.0,100.0,False,98.82,98.438,0.3615714583355008,0.9998502795723402
S-Vfa02,67755,100.0,100.0,False,115.81,117.911,0.3054498116581803,0.9995363183754151
S-Vta1a,25676,100.0,100.0,False,103.84,103.446,0.33170430191618616,0.9997208652391988
S-Vta1b,953,100.0,100.0,False,77.91,77.684,0.3330240293809023,0.9983986073936392
S-Vta2,10991,100.0,100.0,False,81.32,81.64399999999999,0.23262309178418686,0.9997001357607486
S-Vta3,645,100.0,100.0,False,45.68,45.774,0.2541751905426354,0.9996876441509981
S-Vta4,1789,100.0,100.0,False,52.02,51.682,0.33485857741755126,0.994582123875039
S-Vta5,307,100.0,100.0,False,50.93,51.142,0.2683745928338765,0.9978950599641295
S-Vta6,1376,100.0,100.0,False,104.17,103.921,0.36378305232558145,0.9997062239189584
S-Vta7,840,100.0,100.0,False,113.28,113.141,0.3859306666666663,0.9997389420286115
S-Vta8,3676,100.0,100.0,False,77.83,77.587,0.1746365016322088,0.9999258072257686
S-Vta9,156,100.0,100.0,False,88.03,87.361,0.5508520512820505,0.9998845910172348
S-Vta10,1502,100.0,100.0,False,118.02,117.954,0.27797351531291603,0.9998400627930175
S-Vta11,510,100.0,100.0,False,97.92,97.657,0.45627037254901914,0.9961494096220037
S-Vta12,610,100.0,100.0,False,84.22,85.316,0.48226024590163913,0.9967589768248257
S-Vta13,404,100.0,100.0,False,103.3,103.63,0.366632772277228,0.9972076483389124
S-Vta14,2885,100.0,100.0,False,91.18999,91.04,0.32871790294627395,0.9991650064595285
S-Vta15,833,100.0,100.0,False,78.98,78.808,0.2977726650660266,0.997907515672382
S-Vta16,11335,100.0,100.0,False,94.29,93.946,0.3194170805469782,0.9993593942719916
S-Vta17,4519,100.0,100.0,False,55.69,56.16,0.28740805131666264,0.9994710689422899
S-Vta19,292,100.0,100.0,False,54.13,54.27,0.10876712328767107,0.99967240501067
S-Vta20,3223,100.0,100.0,False,45.01,44.834,0.015220911573068529,0.9998818240093308
S-Vta21,2079,100.0,100.0,False,76.32,74.833,0.3374097676767673,0.9996087089290259
S-Vta22,1564,100.0,100.0,False,55.77,55.82899999999999,0.2762180306905368,0.998375850146616
S-Vta23,1110,100.0,100.0,False,52.54,51.851000000000006,0.3767684675675673,0.9991977804700077
S-Vta24,1171,100.0,100.0,False,56.24,56.369,0.21038001443210907,0.9997706733400085
S-Vta25,646,100.0,100.0,False,48.96,48.586000000000006,0.15496903049535599,0.9995591077505886
S-Vta26,1935,100.0,100.0,False,55.31,55.109,0.2425260934883719,0.9996275727393077
S-Vta27,2540,100.0,100.0,False,65.11,64.969,0.26981653464566885,0.9996477413274767
S-Vta28,4210,100.0,100.0,False,65.92,66.04899999999999,0.33769832589073595,0.9993983929446265
S-Vta29,23705,100.0,100.0,False,102.24,101.966,0.37366711699641414,0.9995701867534039
S-Vta30,17136,100.0,100.0,False,100.54,100.044,0.19209250319211008,0.9997577024410366
S-Vtb1,32459,100.0,100.0,False,101.55,101.174,0.7059178315320864,0.9837648143793631
S-Vtb2,5712,100.0,100.0,False,62.63,61.139,0.3869658585434171,0.9991239110789177
S-Vtb3,8240,100.0,100.0,False,37.85,37.451,-0.003902306286407789,0.9992649061354123
S-Vtb4,556,100.0,100.0,False,32.93,32.688,0.080377692446043,0.9990486768588457
S-Vtb5,64388,100.0,100.0,False,113.21,112.939,0.3341069717556065,0.9992072571305821
S-Vtb6,498,100.0,100.0,False,73.1,73.015,0.32316054216867474,0.997636412623343
S-Vtb7,461,100.0,100.0,False,69.72,69.196,0.36138587852494564,0.9994864539215111
S-Vtb8,668,100.0,100.0,False,76.84,76.536,0.33058041916167713,0.997859785343557
S-Vtb9,452,100.0,100.0,False,92.23,92.02,0.39524243362831896,0.9972883660616267
S-Vtb10,195,100.0,100.0,False,58.86,58.482,0.2797743589743582,0.9991792049729816
S-Vtb11,361,100.0,100.0,False,75.64,75.34100000000001,0.28937916897506955,0.9970867066543248
S-Vtb12,447,100.0,100.0,False,71.38,71.032,0.19905581655480944,0.9996278374506736
S-Vw1,20475,100.0,100.0,True,0.0,0.252,-0.04090310134310132,
S-Vw2,52712,100.0,100.0,False,114.81,115.423,-0.128434123258461,0.9993210258115703
S-Vw3,3861,100.0,100.0,False,75.75,77.382,-0.05312751310541337,0.9997417371844017
S-Vw4,126527,100.0,100.0,False,131.36,131.879,-0.10554929857895956,0.9998032418848314
S-Vw5,1012,100.0,100.0,False,37.22,37.368,0.05334880928853733,0.9983948543968758
S-Vw6,1281,100.0,100.0,False,40.61,40.734,0.04920296643247436,0.9982506731804958
S-Vw7,1602,100.0,100.0,False,41.83,42.167,0.12428276654182248,0.9984691495394357
S-Vw8,1529,100.0,100.0,False,46.75,46.429,0.11280248201438821,0.9990705751771066
S-Vw9,553,100.0,100.0,False,41.94,41.99,0.06407956057866174,0.9986044886770846
S-Vw10,652,100.0,100.0,False,58.91,58.896,-0.0038527607361969083,0.9993890687292881
S-Vw11,4909,100.0,100.0,False,98.22,98.431,-0.040946260949276954,0.9999183821176646
S-Vw12,918,100.0,100.0,False,97.07,97.409,-0.26384427015250567,0.9984944241210111
S-Vw13,284,100.0,100.0,False,112.44,113.544,-0.40046211267605675,0.9987138444043435
S-Vw14a,3138,100.0,100.0,False,108.91,109.426,-0.2623593849585723,0.9991953402460566
S-Vw14b,19588,100.0,100.0,False,115.21,120.139,-0.17704574433326514,0.9998505561447651
S-Vw14c,15826,100.0,100.0,False,99.87,100.48,-0.08137974948186534,0.9999418751548951
S-Vw15,1391,100.0,100.0,True,0.0,0.752,-0.08153558590941767,
S-Vw16a,5879,100.0,100.0,False,83.47,83.477,-0.026964172988603593,0.9998820748054541
S-Vw16b,1126,100.0,100.0,False,85.89,86.33200000000001,-0.08664680284191842,0.9995942740086188
S-Vw17,329,100.0,100.0,False,72.43,72.65899999999999,-0.15281775075987897,0.9925547973682245
S-Y1,70285,100.0,100.0,False,78.53,87.48700000000001,-1.3337821617784738,0.8761171562561124
S-M,105974,100.0,100.0,False,100.81,100.688,0.31072733209089004,0.996293153445712
S-S1,51746,100.0,100.0,False,68.09,93.834,0.2806125257836352,0.9967912960675799
S-S2,93876,100.0,100.0,False,105.1,105.224,0.20254401148110257,0.9997170302445174
S-S3a,24621,100.0,100.0,False,98.18,98.017,0.26165035355996885,0.9997963340841275
S-S3b,6813,100.0,100.0,False,44.81,44.734,0.2445656779539115,0.998548942426551
S-S3c,37183,100.0,100.0,False,117.2,117.122,0.4585931421778769,0.9958469561658734
S-S4,94600,100.0,100.0,False,109.8,109.631,0.24070838767547545,0.9997473018961289
S-Vfa01,11535,100.0,100.0,False,98.82,98.438,0.3615714583355008,0.9998502795723402
S-Vfa02,67755,100.0,100.0,False,115.81,117.911,0.3054498116581803,0.9995363183754151
S-Vta10,1502,100.0,100.0,False,118.02,117.954,0.27797351531291603,0.9998400627930175
S-Vta11,510,100.0,100.0,False,97.92,97.657,0.45627037254901914,0.9961494096220037
S-Vta12,610,100.0,100.0,False,84.22,85.316,0.48226024590163913,0.9967589768248257
S-Vta13,404,100.0,100.0,False,103.3,103.63,0.366632772277228,0.9972076483389124
S-Vta14,2885,100.0,100.0,False,91.18999,91.04,0.32871790294627395,0.9991650064595285
S-Vta15,833,100.0,100.0,False,78.98,78.808,0.2977726650660266,0.997907515672382
S-Vta16,11335,100.0,100.0,False,94.29,93.946,0.3194170805469782,0.9993593942719916
S-Vta17,4519,100.0,100.0,False,55.69,56.16,0.28740805131666264,0.9994710689422899
S-Vta19,292,100.0,100.0,False,54.13,54.27,0.10876712328767107,0.99967240501067
S-Vta1a,25676,100.0,100.0,False,103.84,103.446,0.33170430191618616,0.9997208652391988
S-Vta1b,953,100.0,100.0,False,77.91,77.684,0.3330240293809023,0.9983986073936392
S-Vta2,10991,100.0,100.0,False,81.32,81.64399999999999,0.23262309178418686,0.9997001357607486
S-Vta20,3223,100.0,100.0,False,45.01,44.834,0.015220911573068529,0.9998818240093308
S-Vta21,2079,100.0,100.0,False,76.32,74.833,0.3374097676767673,0.9996087089290259
S-Vta22,1564,100.0,100.0,False,55.77,55.82899999999999,0.2762180306905368,0.998375850146616
S-Vta23,1110,100.0,100.0,False,52.54,51.851000000000006,0.3767684675675673,0.9991977804700077
S-Vta24,1171,100.0,100.0,False,56.24,56.369,0.21038001443210907,0.9997706733400085
S-Vta25,646,100.0,100.0,False,48.96,48.586000000000006,0.15496903049535599,0.9995591077505886
S-Vta26,1935,100.0,100.0,False,55.31,55.109,0.2425260934883719,0.9996275727393077
S-Vta27,2540,100.0,100.0,False,65.11,64.969,0.26981653464566885,0.9996477413274767
S-Vta28,4210,100.0,100.0,False,65.92,66.04899999999999,0.33769832589073595,0.9993983929446265
S-Vta29,23705,100.0,100.0,False,102.24,101.966,0.37366711699641414,0.9995701867534039
S-Vta3,645,100.0,100.0,False,45.68,45.774,0.2541751905426354,0.9996876441509981
S-Vta30,17136,100.0,100.0,False,100.54,100.044,0.19209250319211008,0.9997577024410366
S-Vta4,1789,100.0,100.0,False,52.02,51.682,0.33485857741755126,0.994582123875039
S-Vta5,307,100.0,100.0,False,50.93,51.142,0.2683745928338765,0.9978950599641295
S-Vta6,1376,100.0,100.0,False,104.17,103.921,0.36378305232558145,0.9997062239189584
S-Vta7,840,100.0,100.0,False,113.28,113.141,0.3859306666666663,0.9997389420286115
S-Vta8,3676,100.0,100.0,False,77.83,77.587,0.1746365016322088,0.9999258072257686
S-Vta9,156,100.0,100.0,False,88.03,87.361,0.5508520512820505,0.9998845910172348
S-Vtb1,32459,100.0,100.0,False,101.55,101.174,0.7059178315320864,0.9837648143793631
S-Vtb10,195,100.0,100.0,False,58.86,58.482,0.2797743589743582,0.9991792049729816
S-Vtb11,361,100.0,100.0,False,75.64,75.34100000000001,0.28937916897506955,0.9970867066543248
S-Vtb12,447,100.0,100.0,False,71.38,71.032,0.19905581655480944,0.9996278374506736
S-Vtb2,5712,100.0,100.0,False,62.63,61.139,0.3869658585434171,0.9991239110789177
S-Vtb3,8240,100.0,100.0,False,37.85,37.451,-0.003902306286407789,0.9992649061354123
S-Vtb4,556,100.0,100.0,False,32.93,32.688,0.080377692446043,0.9990486768588457
S-Vtb5,64388,100.0,100.0,False,113.21,112.939,0.3341069717556065,0.9992072571305821
S-Vtb6,498,100.0,100.0,False,73.1,73.015,0.32316054216867474,0.997636412623343
S-Vtb7,461,100.0,100.0,False,69.72,69.196,0.36138587852494564,0.9994864539215111
S-Vtb8,668,100.0,100.0,False,76.84,76.536,0.33058041916167713,0.997859785343557
S-Vtb9,452,100.0,100.0,False,92.23,92.02,0.39524243362831896,0.9972883660616267
S-Vw1,20475,100.0,100.0,True,0.0,0.252,-0.04090310134310132,
S-Vw10,652,100.0,100.0,False,58.91,58.896,-0.0038527607361969083,0.9993890687292881
S-Vw11,4909,100.0,100.0,False,98.22,98.431,-0.040946260949276954,0.9999183821176646
S-Vw12,918,100.0,100.0,False,97.07,97.409,-0.26384427015250567,0.9984944241210111
S-Vw13,284,100.0,100.0,False,112.44,113.544,-0.40046211267605675,0.9987138444043435
S-Vw14a,3138,100.0,100.0,False,108.91,109.426,-0.2623593849585723,0.9991953402460566
S-Vw14b,19588,100.0,100.0,False,115.21,120.139,-0.17704574433326514,0.9998505561447651
S-Vw14c,15826,100.0,100.0,False,99.87,100.48,-0.08137974948186534,0.9999418751548951
S-Vw15,1391,100.0,100.0,True,0.0,0.752,-0.08153558590941767,
S-Vw16a,5879,100.0,100.0,False,83.47,83.477,-0.026964172988603593,0.9998820748054541
S-Vw16b,1126,100.0,100.0,False,85.89,86.33200000000001,-0.08664680284191842,0.9995942740086188
S-Vw17,329,100.0,100.0,False,72.43,72.65899999999999,-0.15281775075987897,0.9925547973682245
S-Vw2,52712,100.0,100.0,False,114.81,115.423,-0.128434123258461,0.9993210258115703
S-Vw3,3861,100.0,100.0,False,75.75,77.382,-0.05312751310541337,0.9997417371844017
S-Vw4,126527,100.0,100.0,False,131.36,131.879,-0.10554929857895956,0.9998032418848314
S-Vw5,1012,100.0,100.0,False,37.22,37.368,0.05334880928853733,0.9983948543968758
S-Vw6,1281,100.0,100.0,False,40.61,40.734,0.04920296643247436,0.9982506731804958
S-Vw7,1602,100.0,100.0,False,41.83,42.167,0.12428276654182248,0.9984691495394357
S-Vw8,1529,100.0,100.0,False,46.75,46.429,0.11280248201438821,0.9990705751771066
S-Vw9,553,100.0,100.0,False,41.94,41.99,0.06407956057866174,0.9986044886770846
S-Y1,70285,100.0,100.0,False,78.53,87.48700000000001,-1.3337821617784738,0.8761171562561124
