drive,lag_s,r_3axis,r_bestsingle,n
S-S3c,0.5,0.996,0.949,37183
S-S3a,-6.5,0.972,0.2,24621
S-S1,0.0,0.946,0.935,51746
S-S2,8.5,0.929,0.005,93876
S-M,1.5,0.811,0.636,105974
S-S3b,4.5,0.72,0.311,6813
S-Vta20,27.5,0.696,0.038,3223
S-Vta16,1.5,0.623,0.165,11335
S-Vta2,0.5,0.588,0.227,10991
S-Vta30,3.5,0.579,0.073,17136
S-Vtb3,0.5,0.573,0.311,8240
S-Vta28,-0.5,0.562,0.253,4210
S-Vw3,0.5,0.56,0.33,3861
S-Vta8,1.0,0.555,0.171,3676
S-Vta17,1.5,0.541,0.141,4519
S-Vfa01,5.0,0.52,0.022,11486
S-Vw11,1.5,0.513,0.252,4909
S-Vta1a,-14.0,0.503,0.015,25676
S-Vw4,0.5,0.487,0.258,126526
S-Vta29,-4.5,0.486,0.029,23705
S-Vtb2,1.0,0.448,0.204,5712
S-Vw2,2.0,0.432,0.121,52712
S-Vtb1,1.0,0.428,0.166,32459
S-Vfa02,8.5,0.409,0.011,67523
S-Vtb5,-26.5,0.405,0.007,64388
S-Vw14c,2.0,0.387,0.139,15826
S-Vw16a,-10.0,0.366,0.019,5879
S-S4,2.0,0.347,0.153,94600
S-Vw14a,5.0,0.187,0.03,3138
S-Vw14b,4.0,0.103,0.049,19588
S-Y1,-0.5,0.068,0.053,70285
