group,name,n_S,n_V,aligned,S_dt,V_dt,S_hz,V_hz,phoneGPS_hold,phoneGPS_s,vboxGPS_hold,vboxGPS_s,dur_min,dist_km,v_max,v_mean,pct_moving
Categorised IOVNB Dataset,S-M,105974,105974,True,0.1,0.1,10.0,10.0,90,9.0,1,0.1,176.6,106.02,100.8,36.0,90.1
S (Driver A),S-S1,51746,51746,True,0.1,0.1,10.0,10.0,90,9.0,1,0.1,86.2,38.35,68.1,26.7,90.0
S (Driver A),S-S2,93876,93876,True,0.1,0.1,10.0,10.0,90,9.0,1,0.1,156.5,76.0,105.1,29.1,87.5
S (Driver A),S-S3a,24621,24621,True,0.1,0.1,10.0,10.0,90,9.0,1,0.1,41.0,26.12,98.2,38.2,91.6
S (Driver A),S-S3b,6813,6813,True,0.1,0.1,10.0,10.0,90,9.0,1,0.1,11.4,3.81,44.8,20.1,91.8
S (Driver A),S-S3c,37183,37183,True,0.1,0.1,10.0,10.0,90,9.0,1,0.1,62.0,44.17,117.2,42.8,93.2
S (Driver A),S-S4,94600,94600,True,0.1,0.1,10.0,10.0,90,9.0,1,0.1,157.7,89.06,109.8,33.9,83.1
Vf (Driver E),S-Vfa01,11486,11535,False,0.1,0.1,10.0,10.0,90,9.0,1,0.1,19.1,18.89,98.8,59.0,94.4
Vf (Driver E),S-Vfa02,67523,67755,False,0.1,0.1,10.0,10.0,90,9.0,1,0.1,112.5,163.71,115.8,87.0,98.6
Vta (Driver E),S-Vta1a,25676,25676,True,0.1,0.1,10.0,10.0,10,1.0,1,0.1,42.8,40.96,103.8,57.4,99.6
Vta (Driver E),S-Vta1b,954,953,False,0.1,0.1,10.0,10.0,10,1.0,1,0.1,1.6,1.27,77.9,47.9,99.2
Vta (Driver E),S-Vta2,10991,10991,True,0.1,0.1,10.0,10.0,10,1.0,1,0.1,18.3,11.12,81.3,36.4,93.5
Vta (Driver E),S-Vta3,645,645,True,0.1,0.1,10.0,10.0,90,9.0,1,0.1,1.1,0.38,45.7,21.2,90.2
Vta (Driver E),S-Vta4,1789,1789,True,0.1,0.1,10.0,10.0,90,9.0,1,0.1,3.0,2.01,52.0,40.4,100.0
Vta (Driver E),S-Vta5,307,307,True,0.1,0.1,10.0,10.0,90,9.0,1,0.1,0.5,0.36,50.9,42.7,100.0
Vta (Driver E),S-Vta6,1376,1376,True,0.1,0.1,10.0,10.0,90,9.0,1,0.1,2.3,2.61,104.2,68.2,100.0
Vta (Driver E),S-Vta7,840,840,True,0.1,0.1,10.0,10.0,90,9.0,1,0.1,1.4,1.52,113.3,65.0,100.0
Vta (Driver E),S-Vta8,3676,3676,True,0.1,0.1,10.0,10.0,90,9.0,1,0.1,6.1,3.42,77.8,33.5,80.3
Vta (Driver E),S-Vta9,156,156,True,0.1,0.1,10.0,10.0,66,6.6,1,0.1,0.3,0.31,88.0,72.3,100.0
Vta (Driver E),S-Vta10,1502,1502,True,0.1,0.1,10.0,10.0,90,9.0,1,0.1,2.5,3.77,118.0,90.3,100.0
Vta (Driver E),S-Vta11,510,510,True,0.1,0.1,10.0,10.0,90,9.0,1,0.1,0.8,0.72,97.9,51.0,100.0
Vta (Driver E),S-Vta12,610,610,True,0.1,0.1,10.0,10.0,90,9.0,1,0.1,1.0,1.13,84.2,66.8,100.0
Vta (Driver E),S-Vta13,404,404,True,0.1,0.1,10.0,10.0,90,9.0,1,0.1,0.7,0.98,103.3,87.7,100.0
Vta (Driver E),S-Vta14,2885,2885,True,0.1,0.1,10.0,10.0,90,9.0,1,0.1,4.8,5.46,91.2,68.1,100.0
Vta (Driver E),S-Vta15,833,833,True,0.1,0.1,10.0,10.0,90,9.0,1,0.1,1.4,1.66,79.0,71.9,100.0
Vta (Driver E),S-Vta16,11335,11335,True,0.1,0.1,10.0,10.0,90,9.0,1,0.1,18.9,13.75,94.3,43.7,95.1
Vta (Driver E),S-Vta17,4519,4519,True,0.1,0.1,10.0,10.0,90,9.0,1,0.1,7.5,4.14,55.7,33.0,94.8
Vta (Driver E),S-Vta19,292,292,True,0.1,0.1,10.0,10.0,90,9.0,1,0.1,0.5,0.24,54.1,29.2,81.2
Vta (Driver E),S-Vta20,3223,3223,True,0.1,0.1,10.0,10.0,90,9.0,1,0.1,5.4,0.38,45.0,4.2,17.6
Vta (Driver E),S-Vta21,2079,2079,True,0.1,0.1,10.0,10.0,90,9.0,1,0.1,3.5,2.78,76.3,48.1,98.5
Vta (Driver E),S-Vta22,1564,1564,True,0.1,0.1,10.0,10.0,90,9.0,1,0.1,2.6,1.67,55.8,38.5,100.0
Vta (Driver E),S-Vta23,1110,1110,True,0.1,0.1,10.0,10.0,90,9.0,1,0.1,1.9,1.1,52.5,35.7,96.7
Vta (Driver E),S-Vta24,1171,1171,True,0.1,0.1,10.0,10.0,90,9.0,1,0.1,2.0,0.7,56.2,21.6,77.7
Vta (Driver E),S-Vta25,646,646,True,0.1,0.1,10.0,10.0,90,9.0,1,0.1,1.1,0.16,49.0,9.0,60.2
Vta (Driver E),S-Vta26,1935,1935,True,0.1,0.1,10.0,10.0,90,9.0,1,0.1,3.2,1.01,55.3,18.9,61.1
Vta (Driver E),S-Vta27,2540,2540,True,0.1,0.1,10.0,10.0,90,9.0,1,0.1,4.2,3.17,65.1,44.9,94.0
Vta (Driver E),S-Vta28,4210,4210,True,0.1,0.1,10.0,10.0,90,9.0,1,0.1,7.0,3.97,65.9,33.9,89.8
Vta (Driver E),S-Vta29,23705,23705,True,0.1,0.1,10.0,10.0,90,9.0,1,0.1,39.5,26.31,102.2,40.0,94.0
Vta (Driver E),S-Vta30,17136,17136,True,0.1,0.1,10.0,10.0,90,9.0,1,0.1,28.6,11.84,100.5,24.9,80.7
Vtb (Driver E),S-Vtb1,32459,32459,True,0.1,0.1,10.0,10.0,90,9.0,1,0.1,54.1,42.2,101.6,46.8,93.2
Vtb (Driver E),S-Vtb2,5712,5712,True,0.1,0.1,10.0,10.0,90,9.0,1,0.1,9.5,4.38,62.6,27.6,83.2
Vtb (Driver E),S-Vtb3,8240,8240,True,0.1,0.1,10.0,10.0,90,9.0,1,0.1,13.7,0.68,37.8,3.0,61.8
Vtb (Driver E),S-Vtb4,556,556,True,0.1,0.1,10.0,10.0,90,9.0,1,0.1,0.9,0.24,32.9,15.7,89.7
Vtb (Driver E),S-Vtb5,64388,64388,True,0.1,0.1,10.0,10.0,90,9.0,1,0.1,107.3,112.12,113.2,62.7,98.0
Vtb (Driver E),S-Vtb6,498,498,True,0.1,0.1,10.0,10.0,90,9.0,1,0.1,0.8,0.88,73.1,63.6,100.0
Vtb (Driver E),S-Vtb7,461,461,True,0.1,0.1,10.0,10.0,90,9.0,1,0.1,0.8,0.73,69.7,56.8,100.0
Vtb (Driver E),S-Vtb8,668,668,True,0.1,0.1,10.0,10.0,90,9.0,1,0.1,1.1,1.3,76.8,70.1,100.0
Vtb (Driver E),S-Vtb9,452,452,True,0.1,0.1,10.0,10.0,90,9.0,1,0.1,0.8,0.97,92.2,77.5,100.0
Vtb (Driver E),S-Vtb10,196,195,False,0.1,0.1,10.0,10.0,20,2.0,1,0.1,0.3,0.23,58.9,42.0,100.0
Vtb (Driver E),S-Vtb11,361,361,True,0.1,0.1,10.0,10.0,90,9.0,1,0.1,0.6,0.7,75.6,70.1,100.0
Vtb (Driver E),S-Vtb12,447,447,True,0.1,0.1,10.0,10.0,90,9.0,1,0.1,0.7,0.53,71.4,43.0,100.0
Vw (Driver E),S-Vw1,20476,20475,False,0.1,0.1,10.0,10.0,20476,2047.6,1,0.1,34.1,0.0,0.0,0.0,0.0
Vw (Driver E),S-Vw2,52713,52712,False,0.1,0.1,10.0,10.0,90,9.0,1,0.1,87.9,98.39,114.8,67.2,95.1
Vw (Driver E),S-Vw3,3861,3861,True,0.1,0.1,10.0,10.0,90,9.0,1,0.1,6.4,4.93,75.8,46.0,95.3
Vw (Driver E),S-Vw4,126526,126527,False,0.1,0.1,10.0,10.0,90,9.0,1,0.1,210.9,214.0,131.4,60.9,93.8
Vw (Driver E),S-Vw5,1012,1012,True,0.1,0.1,10.0,10.0,90,9.0,1,0.1,1.7,0.67,37.2,23.7,95.9
Vw (Driver E),S-Vw6,1281,1281,True,0.1,0.1,10.0,10.0,90,9.0,1,0.1,2.1,1.08,40.6,30.4,100.0
Vw (Driver E),S-Vw7,1602,1602,True,0.1,0.1,10.0,10.0,90,9.0,1,0.1,2.7,1.16,41.8,26.2,99.1
Vw (Driver E),S-Vw8,1529,1529,True,0.1,0.1,10.0,10.0,90,9.0,1,0.1,2.5,1.07,46.8,25.1,95.9
Vw (Driver E),S-Vw9,552,553,False,0.1,0.1,10.0,10.0,89,8.9,1,0.1,0.9,0.42,41.9,27.5,100.0
Vw (Driver E),S-Vw10,652,652,True,0.1,0.1,10.0,10.0,90,9.0,1,0.1,1.1,0.73,58.9,40.5,100.0
Vw (Driver E),S-Vw11,4909,4909,True,0.1,0.1,10.0,10.0,90,9.0,1,0.1,8.2,5.83,98.2,42.8,85.9
Vw (Driver E),S-Vw12,918,918,True,0.1,0.1,10.0,10.0,90,9.0,1,0.1,1.5,2.3,97.1,90.1,100.0
Vw (Driver E),S-Vw13,284,284,True,0.1,0.1,10.0,10.0,25,2.5,1,0.1,0.5,0.77,112.4,98.2,100.0
Vw (Driver E),S-Vw14a,3138,3138,True,0.1,0.1,10.0,10.0,90,9.0,1,0.1,5.2,7.9,108.9,90.6,100.0
Vw (Driver E),S-Vw14b,19588,19588,True,0.1,0.1,10.0,10.0,90,9.0,1,0.1,32.6,41.07,115.2,75.5,100.0
Vw (Driver E),S-Vw14c,15826,15826,True,0.1,0.1,10.0,10.0,90,9.0,1,0.1,26.4,17.05,99.9,38.8,85.9
Vw (Driver E),S-Vw15,1380,1391,False,0.1,0.1,10.0,10.0,1380,138.0,2,0.2,2.3,0.0,0.0,0.0,0.0
Vw (Driver E),S-Vw16a,5879,5879,True,0.1,0.1,10.0,10.0,90,9.0,1,0.1,9.8,8.47,83.5,51.9,93.2
Vw (Driver E),S-Vw16b,1126,1126,True,0.1,0.1,10.0,10.0,90,9.0,1,0.1,1.9,1.89,85.9,60.4,100.0
Vw (Driver E),S-Vw17,329,329,True,0.1,0.1,10.0,10.0,72,7.2,1,0.1,0.5,0.54,72.4,58.9,100.0
Y (Driver D),S-Y1,70285,70285,True,0.1,0.1,10.0,10.0,90,9.0,1,0.1,117.1,55.94,78.5,28.7,83.9
Uncategorised IOVNB Dataset,S-M,105974,105974,True,0.1,0.1,10.0,10.0,90,9.0,1,0.1,176.6,106.02,100.8,36.0,90.1
Uncategorised IOVNB Dataset,S-S1,51746,51746,True,0.1,0.1,10.0,10.0,90,9.0,1,0.1,86.2,38.35,68.1,26.7,90.0
Uncategorised IOVNB Dataset,S-S2,93876,93876,True,0.1,0.1,10.0,10.0,90,9.0,1,0.1,156.5,76.0,105.1,29.1,87.5
Uncategorised IOVNB Dataset,S-S3a,24621,24621,True,0.1,0.1,10.0,10.0,90,9.0,1,0.1,41.0,26.12,98.2,38.2,91.6
Uncategorised IOVNB Dataset,S-S3b,6813,6813,True,0.1,0.1,10.0,10.0,90,9.0,1,0.1,11.4,3.81,44.8,20.1,91.8
Uncategorised IOVNB Dataset,S-S3c,37183,37183,True,0.1,0.1,10.0,10.0,90,9.0,1,0.1,62.0,44.17,117.2,42.8,93.2
Uncategorised IOVNB Dataset,S-S4,94600,94600,True,0.1,0.1,10.0,10.0,90,9.0,1,0.1,157.7,89.06,109.8,33.9,83.1
Uncategorised IOVNB Dataset,S-Vfa01,11486,11535,False,0.1,0.1,10.0,10.0,90,9.0,1,0.1,19.1,18.89,98.8,59.0,94.4
Uncategorised IOVNB Dataset,S-Vfa02,67523,67755,False,0.1,0.1,10.0,10.0,90,9.0,1,0.1,112.5,163.71,115.8,87.0,98.6
Uncategorised IOVNB Dataset,S-Vta10,1502,1502,True,0.1,0.1,10.0,10.0,90,9.0,1,0.1,2.5,3.77,118.0,90.3,100.0
Uncategorised IOVNB Dataset,S-Vta11,510,510,True,0.1,0.1,10.0,10.0,90,9.0,1,0.1,0.8,0.72,97.9,51.0,100.0
Uncategorised IOVNB Dataset,S-Vta12,610,610,True,0.1,0.1,10.0,10.0,90,9.0,1,0.1,1.0,1.13,84.2,66.8,100.0
Uncategorised IOVNB Dataset,S-Vta13,404,404,True,0.1,0.1,10.0,10.0,90,9.0,1,0.1,0.7,0.98,103.3,87.7,100.0
Uncategorised IOVNB Dataset,S-Vta14,2885,2885,True,0.1,0.1,10.0,10.0,90,9.0,1,0.1,4.8,5.46,91.2,68.1,100.0
Uncategorised IOVNB Dataset,S-Vta15,833,833,True,0.1,0.1,10.0,10.0,90,9.0,1,0.1,1.4,1.66,79.0,71.9,100.0
Uncategorised IOVNB Dataset,S-Vta16,11335,11335,True,0.1,0.1,10.0,10.0,90,9.0,1,0.1,18.9,13.75,94.3,43.7,95.1
Uncategorised IOVNB Dataset,S-Vta17,4519,4519,True,0.1,0.1,10.0,10.0,90,9.0,1,0.1,7.5,4.14,55.7,33.0,94.8
Uncategorised IOVNB Dataset,S-Vta19,292,292,True,0.1,0.1,10.0,10.0,90,9.0,1,0.1,0.5,0.24,54.1,29.2,81.2
Uncategorised IOVNB Dataset,S-Vta1a,25676,25676,True,0.1,0.1,10.0,10.0,10,1.0,1,0.1,42.8,40.96,103.8,57.4,99.6
Uncategorised IOVNB Dataset,S-Vta1b,954,953,False,0.1,0.1,10.0,10.0,10,1.0,1,0.1,1.6,1.27,77.9,47.9,99.2
Uncategorised IOVNB Dataset,S-Vta2,10991,10991,True,0.1,0.1,10.0,10.0,10,1.0,1,0.1,18.3,11.12,81.3,36.4,93.5
Uncategorised IOVNB Dataset,S-Vta20,3223,3223,True,0.1,0.1,10.0,10.0,90,9.0,1,0.1,5.4,0.38,45.0,4.2,17.6
Uncategorised IOVNB Dataset,S-Vta21,2079,2079,True,0.1,0.1,10.0,10.0,90,9.0,1,0.1,3.5,2.78,76.3,48.1,98.5
Uncategorised IOVNB Dataset,S-Vta22,1564,1564,True,0.1,0.1,10.0,10.0,90,9.0,1,0.1,2.6,1.67,55.8,38.5,100.0
Uncategorised IOVNB Dataset,S-Vta23,1110,1110,True,0.1,0.1,10.0,10.0,90,9.0,1,0.1,1.9,1.1,52.5,35.7,96.7
Uncategorised IOVNB Dataset,S-Vta24,1171,1171,True,0.1,0.1,10.0,10.0,90,9.0,1,0.1,2.0,0.7,56.2,21.6,77.7
Uncategorised IOVNB Dataset,S-Vta25,646,646,True,0.1,0.1,10.0,10.0,90,9.0,1,0.1,1.1,0.16,49.0,9.0,60.2
Uncategorised IOVNB Dataset,S-Vta26,1935,1935,True,0.1,0.1,10.0,10.0,90,9.0,1,0.1,3.2,1.01,55.3,18.9,61.1
Uncategorised IOVNB Dataset,S-Vta27,2540,2540,True,0.1,0.1,10.0,10.0,90,9.0,1,0.1,4.2,3.17,65.1,44.9,94.0
Uncategorised IOVNB Dataset,S-Vta28,4210,4210,True,0.1,0.1,10.0,10.0,90,9.0,1,0.1,7.0,3.97,65.9,33.9,89.8
Uncategorised IOVNB Dataset,S-Vta29,23705,23705,True,0.1,0.1,10.0,10.0,90,9.0,1,0.1,39.5,26.31,102.2,40.0,94.0
Uncategorised IOVNB Dataset,S-Vta3,645,645,True,0.1,0.1,10.0,10.0,90,9.0,1,0.1,1.1,0.38,45.7,21.2,90.2
Uncategorised IOVNB Dataset,S-Vta30,17136,17136,True,0.1,0.1,10.0,10.0,90,9.0,1,0.1,28.6,11.84,100.5,24.9,80.7
Uncategorised IOVNB Dataset,S-Vta4,1789,1789,True,0.1,0.1,10.0,10.0,90,9.0,1,0.1,3.0,2.01,52.0,40.4,100.0
Uncategorised IOVNB Dataset,S-Vta5,307,307,True,0.1,0.1,10.0,10.0,90,9.0,1,0.1,0.5,0.36,50.9,42.7,100.0
Uncategorised IOVNB Dataset,S-Vta6,1376,1376,True,0.1,0.1,10.0,10.0,90,9.0,1,0.1,2.3,2.61,104.2,68.2,100.0
Uncategorised IOVNB Dataset,S-Vta7,840,840,True,0.1,0.1,10.0,10.0,90,9.0,1,0.1,1.4,1.52,113.3,65.0,100.0
Uncategorised IOVNB Dataset,S-Vta8,3676,3676,True,0.1,0.1,10.0,10.0,90,9.0,1,0.1,6.1,3.42,77.8,33.5,80.3
Uncategorised IOVNB Dataset,S-Vta9,156,156,True,0.1,0.1,10.0,10.0,66,6.6,1,0.1,0.3,0.31,88.0,72.3,100.0
Uncategorised IOVNB Dataset,S-Vtb1,32459,32459,True,0.1,0.1,10.0,10.0,90,9.0,1,0.1,54.1,42.2,101.6,46.8,93.2
Uncategorised IOVNB Dataset,S-Vtb10,196,195,False,0.1,0.1,10.0,10.0,20,2.0,1,0.1,0.3,0.23,58.9,42.0,100.0
Uncategorised IOVNB Dataset,S-Vtb11,361,361,True,0.1,0.1,10.0,10.0,90,9.0,1,0.1,0.6,0.7,75.6,70.1,100.0
Uncategorised IOVNB Dataset,S-Vtb12,447,447,True,0.1,0.1,10.0,10.0,90,9.0,1,0.1,0.7,0.53,71.4,43.0,100.0
Uncategorised IOVNB Dataset,S-Vtb2,5712,5712,True,0.1,0.1,10.0,10.0,90,9.0,1,0.1,9.5,4.38,62.6,27.6,83.2
Uncategorised IOVNB Dataset,S-Vtb3,8240,8240,True,0.1,0.1,10.0,10.0,90,9.0,1,0.1,13.7,0.68,37.8,3.0,61.8
Uncategorised IOVNB Dataset,S-Vtb4,556,556,True,0.1,0.1,10.0,10.0,90,9.0,1,0.1,0.9,0.24,32.9,15.7,89.7
Uncategorised IOVNB Dataset,S-Vtb5,64388,64388,True,0.1,0.1,10.0,10.0,90,9.0,1,0.1,107.3,112.12,113.2,62.7,98.0
Uncategorised IOVNB Dataset,S-Vtb6,498,498,True,0.1,0.1,10.0,10.0,90,9.0,1,0.1,0.8,0.88,73.1,63.6,100.0
Uncategorised IOVNB Dataset,S-Vtb7,461,461,True,0.1,0.1,10.0,10.0,90,9.0,1,0.1,0.8,0.73,69.7,56.8,100.0
Uncategorised IOVNB Dataset,S-Vtb8,668,668,True,0.1,0.1,10.0,10.0,90,9.0,1,0.1,1.1,1.3,76.8,70.1,100.0
Uncategorised IOVNB Dataset,S-Vtb9,452,452,True,0.1,0.1,10.0,10.0,90,9.0,1,0.1,0.8,0.97,92.2,77.5,100.0
Uncategorised IOVNB Dataset,S-Vw1,20476,20475,False,0.1,0.1,10.0,10.0,20476,2047.6,1,0.1,34.1,0.0,0.0,0.0,0.0
Uncategorised IOVNB Dataset,S-Vw10,652,652,True,0.1,0.1,10.0,10.0,90,9.0,1,0.1,1.1,0.73,58.9,40.5,100.0
Uncategorised IOVNB Dataset,S-Vw11,4909,4909,True,0.1,0.1,10.0,10.0,90,9.0,1,0.1,8.2,5.83,98.2,42.8,85.9
Uncategorised IOVNB Dataset,S-Vw12,918,918,True,0.1,0.1,10.0,10.0,90,9.0,1,0.1,1.5,2.3,97.1,90.1,100.0
Uncategorised IOVNB Dataset,S-Vw13,284,284,True,0.1,0.1,10.0,10.0,25,2.5,1,0.1,0.5,0.77,112.4,98.2,100.0
Uncategorised IOVNB Dataset,S-Vw14a,3138,3138,True,0.1,0.1,10.0,10.0,90,9.0,1,0.1,5.2,7.9,108.9,90.6,100.0
Uncategorised IOVNB Dataset,S-Vw14b,19588,19588,True,0.1,0.1,10.0,10.0,90,9.0,1,0.1,32.6,41.07,115.2,75.5,100.0
Uncategorised IOVNB Dataset,S-Vw14c,15826,15826,True,0.1,0.1,10.0,10.0,90,9.0,1,0.1,26.4,17.05,99.9,38.8,85.9
Uncategorised IOVNB Dataset,S-Vw15,1380,1391,False,0.1,0.1,10.0,10.0,1380,138.0,2,0.2,2.3,0.0,0.0,0.0,0.0
Uncategorised IOVNB Dataset,S-Vw16a,5879,5879,True,0.1,0.1,10.0,10.0,90,9.0,1,0.1,9.8,8.47,83.5,51.9,93.2
Uncategorised IOVNB Dataset,S-Vw16b,1126,1126,True,0.1,0.1,10.0,10.0,90,9.0,1,0.1,1.9,1.89,85.9,60.4,100.0
Uncategorised IOVNB Dataset,S-Vw17,329,329,True,0.1,0.1,10.0,10.0,72,7.2,1,0.1,0.5,0.54,72.4,58.9,100.0
Uncategorised IOVNB Dataset,S-Vw2,52713,52712,False,0.1,0.1,10.0,10.0,90,9.0,1,0.1,87.9,98.39,114.8,67.2,95.1
Uncategorised IOVNB Dataset,S-Vw3,3861,3861,True,0.1,0.1,10.0,10.0,90,9.0,1,0.1,6.4,4.93,75.8,46.0,95.3
Uncategorised IOVNB Dataset,S-Vw4,126526,126527,False,0.1,0.1,10.0,10.0,90,9.0,1,0.1,210.9,214.0,131.4,60.9,93.8
Uncategorised IOVNB Dataset,S-Vw5,1012,1012,True,0.1,0.1,10.0,10.0,90,9.0,1,0.1,1.7,0.67,37.2,23.7,95.9
Uncategorised IOVNB Dataset,S-Vw6,1281,1281,True,0.1,0.1,10.0,10.0,90,9.0,1,0.1,2.1,1.08,40.6,30.4,100.0
Uncategorised IOVNB Dataset,S-Vw7,1602,1602,True,0.1,0.1,10.0,10.0,90,9.0,1,0.1,2.7,1.16,41.8,26.2,99.1
Uncategorised IOVNB Dataset,S-Vw8,1529,1529,True,0.1,0.1,10.0,10.0,90,9.0,1,0.1,2.5,1.07,46.8,25.1,95.9
Uncategorised IOVNB Dataset,S-Vw9,552,553,False,0.1,0.1,10.0,10.0,89,8.9,1,0.1,0.9,0.42,41.9,27.5,100.0
Uncategorised IOVNB Dataset,S-Y1,70285,70285,True,0.1,0.1,10.0,10.0,90,9.0,1,0.1,117.1,55.94,78.5,28.7,83.9
