drive,lag_s,r,n
S-M,1.2,0.777602895912783,105974
S-S1,0.2,0.9482061784344649,51746
S-S2,9.0,-0.25791502812470934,93876
S-S3a,-6.8,0.9739479834315158,24621
S-S3b,4.6,0.4555245721370933,6813
S-S3c,0.4,0.9952023055405494,37183
S-S4,1.8,0.3341190430611466,94600
S-Vfa01,5.2,0.26699529417098994,11486
S-Vfa02,8.8,0.17369025899989454,67523
S-Vta16,1.6,0.33563679777753413,11335
S-Vta17,1.6,0.24546500646946343,4519
S-Vta1a,-13.8,0.23926565096809022,25676
S-Vta2,0.8,0.27993184273889693,10991
S-Vta20,27.8,0.3904042573356614,3223
S-Vta28,-0.4,0.2663458802082142,4210
S-Vta29,-4.4,0.2238099909856396,23705
S-Vta30,3.6,0.3103542799647056,17136
S-Vta8,1.2,0.2345361539273382,3676
S-Vtb1,1.0,0.20323153224135837,32459
S-Vtb2,0.8,0.2769521718623316,5712
S-Vtb3,0.4,0.3297417404319451,8240
S-Vtb5,-26.4,0.18653237572791914,64388
S-Vw11,1.6,0.3571211641813781,4909
S-Vw14a,6.6,0.09069619244398693,3138
S-Vw14b,4.2,0.05401781229780837,19588
S-Vw14c,2.2,0.24726565229919673,15826
S-Vw16a,-18.4,0.0524478365981974,5879
S-Vw2,2.2,0.2671485798336346,52712
S-Vw3,0.4,0.33973656086660187,3861
S-Vw4,0.6,0.2841384948819097,126526
S-Y1,-0.6,0.05683639790345749,70285
