drive,session,minutes,km,v_mean,yaw_r,accel_r,accel_lag
Vfa02,0,112.5,163.1,87.0,0.412,0.374,8.8
Vta12,0,1.0,1.12,66.3,0.314,0.716,0.2
Vta14,0,4.8,5.43,67.8,0.277,0.158,14.2
Vta15,0,1.4,1.66,71.6,0.276,0.256,3.0
Vta1b,0,1.6,1.26,47.5,0.389,0.639,0.4
Vta20,0,5.4,0.38,4.2,0.707,0.391,18.2
Vta26,0,3.2,1.0,18.6,0.35,0.364,2.4
Vta27,0,4.2,3.15,44.7,0.285,0.204,-26.0
Vta6,0,2.3,2.59,67.9,0.235,0.35,2.2
Vtb3,0,13.7,0.68,3.0,0.561,0.5,0.4
Vtb5,0,107.3,111.53,62.4,0.404,0.264,-26.4
Vtb8,0,1.1,1.3,69.8,0.232,0.458,0.2
Vw12,0,1.5,2.31,90.4,0.161,0.287,4.4
Vw14a,0,5.2,7.92,90.9,0.125,0.363,5.2
Vw14b,0,32.6,41.16,75.7,0.089,0.203,4.2
Vw14c,0,26.4,17.08,38.9,0.396,0.187,2.4
Vw16a,0,9.8,8.48,51.9,0.331,0.559,-9.8
Vw16b,0,1.9,1.89,60.5,0.292,0.783,0.2
