drive,driver,n,dropped,minutes,km,v_mean,v_max,pct_moving,flags,pct_can_label,can_offset_kmh,pct_dropout,pct_stationary,pct_stuck,gyro_bias_max,split,sessions,sync_r_best,sync_r_worst,lag_spread
S1,A,51746,0,86.2,37.95,26.4,93.8,89.8,,0.09,-0.188,0.05,9.4,0.0,0.0032,train,1,0.958,0.958,0.0
S2,A,93876,0,156.5,75.47,28.9,105.2,87.5,,0.0,-0.152,0.0,12.0,0.0,0.00675,train,2,0.946,0.722,1.0
S3a,A,24621,0,41.0,25.95,37.9,98.0,91.6,,0.0,-0.233,0.0,8.2,0.0,0.001,train,1,0.986,0.986,0.0
S3b,A,6813,0,11.4,3.77,19.9,44.7,91.7,,0.0,-0.157,0.0,7.8,0.0,0.00395,train,2,0.998,0.834,4.4
S3c,A,37183,0,62.0,43.7,42.3,117.1,92.7,,0.37,-0.208,0.35,6.5,0.0,0.0005,train,1,0.995,0.995,0.0
S4,A,94600,0,157.7,88.42,33.7,109.6,83.0,,0.0,-0.16,0.0,16.7,0.0,0.01425,train,3,0.932,0.059,31.8
M,B,105974,0,176.6,105.11,35.7,100.7,90.0,,0.04,-0.198,0.02,9.8,0.0,0.0067,train,3,0.993,0.932,2.4
Y1,D,70285,0,117.1,58.54,30.0,87.5,87.9,,0.05,-0.134,0.02,11.8,0.01,0.0107,test,4,0.058,0.058,0.0
Vfa01,E,11486,0,19.1,18.77,58.8,98.4,94.3,,0.0,-0.372,0.0,5.6,0.0,0.0018,train,1,0.515,0.515,0.0
Vfa02,E,67523,0,112.5,163.1,87.0,117.9,98.6,,0.0,-0.296,0.0,1.4,0.0,0.0102,train,1,0.412,0.412,0.0
Vta10,E,1502,0,2.5,3.75,90.0,118.0,100.0,,0.0,-0.274,0.0,0.0,0.0,0.0,train,1,0.478,0.478,0.0
Vta11,E,510,0,0.8,0.72,50.6,97.7,100.0,short|sync-untestable,0.0,-0.321,0.0,0.0,0.0,0.0,train,1,0.886,0.886,0.0
Vta12,E,610,0,1.0,1.12,66.3,85.3,100.0,,0.0,-0.42,0.0,0.0,0.0,0.0,train,1,0.314,0.314,0.0
Vta13,E,404,0,0.7,0.98,87.3,103.6,100.0,short|sync-untestable,0.0,-0.37,0.0,0.0,0.0,0.0,train,1,0.401,0.401,0.0
Vta14,E,2885,0,4.8,5.43,67.8,91.0,100.0,,0.0,-0.329,0.0,0.0,0.0,0.0,train,1,0.277,0.277,0.0
Vta15,E,833,0,1.4,1.66,71.6,78.8,100.0,,0.0,-0.306,0.0,0.0,0.0,0.0,train,1,0.276,0.276,0.0
Vta16,E,11335,0,18.9,13.65,43.4,93.9,95.1,,0.02,-0.264,0.0,4.8,0.0,0.0025,train,1,0.629,0.629,0.0
Vta17,E,4519,0,7.5,4.1,32.7,56.2,94.8,,0.0,-0.311,0.0,4.7,0.18,0.0067,train,2,0.623,0.568,1.2
Vta19,E,292,0,0.5,0.24,29.1,54.3,81.2,short|sync-untestable,0.0,0.003,0.0,18.8,0.0,0.0048,train,1,,,
Vta1a,E,25676,0,42.8,40.72,57.1,103.4,99.6,,0.0,-0.33,0.0,0.3,0.0,0.0623,train,1,0.513,0.513,0.0
Vta1b,E,953,0,1.6,1.26,47.5,77.7,99.1,,0.0,-0.362,0.0,0.0,0.0,0.0,train,1,0.389,0.389,0.0
Vta2,E,10991,0,18.3,11.05,36.2,81.6,93.4,,0.0,-0.192,0.0,6.3,0.0,0.0079,train,1,0.581,0.581,0.0
Vta20,E,3223,0,5.4,0.38,4.2,44.8,17.5,,0.0,0.047,0.0,81.9,0.0,0.0007,train,1,0.707,0.707,0.0
Vta21,E,2079,0,3.5,2.76,47.8,74.8,98.5,,0.0,-0.379,0.0,1.1,0.0,0.0,train,1,0.59,0.59,0.0
Vta22,E,1564,0,2.6,1.66,38.2,55.8,100.0,,0.0,-0.29,0.0,0.0,0.0,0.0,train,1,0.647,0.647,0.0
Vta23,E,1110,0,1.9,1.09,35.3,51.9,96.5,,0.0,-0.403,0.0,3.5,0.0,0.0,train,1,0.529,0.529,0.0
Vta24,E,1171,0,2.0,0.69,21.4,56.4,76.9,,0.0,-0.137,0.0,19.2,0.0,0.0058,train,1,0.815,0.815,0.0
Vta25,E,646,0,1.1,0.16,8.9,48.6,57.1,,0.0,-0.034,0.0,42.1,0.0,0.005,train,1,0.923,0.923,0.0
Vta26,E,1935,0,3.2,1.0,18.6,55.1,61.1,,0.0,0.014,0.0,38.4,0.0,0.0005,train,1,0.35,0.35,0.0
Vta27,E,2540,0,4.2,3.15,44.7,65.0,94.0,,0.0,-0.279,0.0,6.0,0.0,0.0024,train,1,0.285,0.285,0.0
Vta28,E,4210,0,7.0,3.93,33.6,66.0,89.7,,0.0,-0.276,0.0,9.7,0.0,0.0022,train,1,0.591,0.591,0.0
Vta29,E,23705,0,39.5,26.06,39.6,102.0,93.9,,0.0,-0.33,0.0,5.3,0.03,0.00695,train,1,0.497,0.497,0.0
Vta3,E,645,0,1.1,0.38,21.0,45.8,88.4,,0.0,-0.251,0.0,8.4,0.0,0.0,train,1,0.324,0.324,0.0
Vta30,E,17136,0,28.6,11.75,24.7,100.0,80.5,,0.0,-0.116,0.0,18.8,0.0,0.0013,train,1,0.595,0.595,0.0
Vta4,E,1789,0,3.0,1.99,40.1,51.7,100.0,,0.0,-0.267,0.0,0.0,0.0,0.0,train,1,0.493,0.493,0.0
Vta5,E,307,0,0.5,0.36,42.5,51.1,100.0,short|sync-untestable,0.0,-0.293,0.0,0.0,0.0,0.0,train,1,0.802,0.802,0.0
Vta6,E,1376,0,2.3,2.59,67.9,103.9,100.0,,0.0,-0.356,0.0,0.0,0.0,0.0,train,1,0.235,0.235,0.0
Vta7,E,840,0,1.4,1.51,64.6,113.1,100.0,,0.0,-0.416,0.0,0.0,0.0,0.0,train,1,0.718,0.718,0.0
Vta8,E,3676,0,6.1,3.4,33.3,77.6,80.3,,0.0,-0.145,0.0,19.5,0.0,0.0006,train,1,0.521,0.521,0.0
Vta9,E,156,0,0.3,0.31,71.8,87.4,100.0,short|sync-untestable,0.0,-0.548,0.0,0.0,0.0,0.0,train,1,,,
Vtb1,E,32459,0,54.1,41.56,46.1,101.2,92.7,,0.21,-0.339,0.0,6.5,20.42,0.0053,stress,2,0.915,0.416,0.2
Vtb10,E,195,0,0.3,0.23,41.7,58.5,100.0,short|sync-untestable,0.0,-0.335,0.0,0.0,0.0,0.0,train,1,,,
Vtb11,E,361,0,0.6,0.7,69.8,75.3,100.0,short|sync-untestable,0.0,-0.282,0.0,0.0,0.0,0.0,train,1,0.359,0.359,0.0
Vtb12,E,447,0,0.7,0.53,42.8,71.0,100.0,short|sync-untestable,0.0,-0.247,0.0,0.0,0.0,0.0,train,1,0.809,0.809,0.0
Vtb2,E,5712,0,9.5,4.31,27.2,61.1,83.0,,0.0,-0.237,0.0,16.6,0.0,0.0039,train,1,0.458,0.458,0.0
Vtb3,E,8240,0,13.7,0.68,3.0,37.5,60.9,,0.0,0.036,0.0,34.6,0.0,0.0035,train,1,0.561,0.561,0.0
Vtb4,E,556,0,0.9,0.24,15.6,32.7,89.7,short|sync-untestable,0.0,-0.045,0.0,9.2,0.0,0.00125,train,1,0.403,0.403,0.0
Vtb5,E,64388,0,107.3,111.52,62.4,112.9,98.0,,0.02,-0.302,0.0,1.9,0.0,0.00205,train,1,0.404,0.404,0.0
Vtb6,E,498,0,0.8,0.88,63.3,73.0,100.0,short|sync-untestable,0.0,-0.256,0.0,0.0,0.0,0.0,train,1,0.257,0.257,0.0
Vtb7,E,461,0,0.8,0.72,56.4,69.2,100.0,short|sync-untestable,0.0,-0.375,0.0,0.0,0.0,0.0,train,1,0.329,0.329,0.0
Vtb8,E,668,0,1.1,1.3,69.8,76.5,100.0,,0.0,-0.348,0.0,0.0,0.0,0.0,train,1,0.232,0.232,0.0
Vtb9,E,452,0,0.8,0.97,77.1,92.0,100.0,short|sync-untestable,0.0,-0.377,0.0,0.0,0.0,0.0,train,1,0.298,0.298,0.0
Vw1,E,20475,0,34.1,0.02,0.0,0.3,0.0,stationary,0.0,,0.0,100.0,0.0,0.0047,train,1,0.148,0.148,0.0
Vw10,E,652,0,1.1,0.73,40.5,58.9,100.0,,0.0,-0.026,0.0,0.0,0.0,0.0,train,1,0.373,0.373,0.0
Vw11,E,4909,0,8.2,5.84,42.8,98.4,85.9,,0.0,0.058,0.0,13.9,0.0,0.0009,train,1,0.521,0.521,0.0
Vw12,E,918,0,1.5,2.31,90.4,97.4,100.0,,0.0,0.271,0.0,0.0,0.0,0.0,train,1,0.161,0.161,0.0
Vw13,E,284,0,0.5,0.78,98.6,113.5,100.0,short|sync-untestable,0.0,0.396,0.0,0.0,0.0,0.0,train,1,,,
Vw14a,E,3138,0,5.2,7.92,90.9,109.4,100.0,,0.0,0.26,0.0,0.0,0.0,0.0,train,1,0.125,0.125,0.0
Vw14b,E,19588,0,32.6,41.16,75.7,120.1,100.0,,0.0,0.195,0.0,0.0,0.0,0.0,train,1,0.089,0.089,0.0
Vw14c,E,15826,0,26.4,17.08,38.9,100.5,85.9,,0.0,0.076,0.0,13.8,0.0,0.00255,train,1,0.396,0.396,0.0
Vw15,E,1380,0,2.3,0.0,0.1,0.8,0.0,stationary,0.0,,0.0,100.0,0.0,0.0015,train,1,0.153,0.153,0.0
Vw16a,E,5879,0,9.8,8.48,51.9,83.5,93.1,,0.0,0.06,0.0,6.9,0.0,0.0051,train,1,0.331,0.331,0.0
Vw16b,E,1126,0,1.9,1.89,60.5,86.3,100.0,,0.0,0.084,0.0,0.0,0.0,0.0,train,1,0.292,0.292,0.0
Vw17,E,329,0,0.5,0.54,59.1,72.7,100.0,short|sync-untestable,0.0,-0.11,0.0,0.0,0.0,0.0,train,1,0.439,0.439,0.0
Vw2,E,52712,0,87.9,98.58,67.3,115.4,95.1,,0.01,0.141,0.0,4.8,0.0,0.0116,train,1,0.429,0.429,0.0
Vw3,E,3861,0,6.4,4.94,46.1,77.4,95.0,,0.0,0.074,0.0,4.1,0.0,0.0127,train,1,0.576,0.576,0.0
Vw4,E,126526,0,210.9,214.37,61.0,131.9,93.8,,0.0,0.132,0.0,6.0,0.0,0.0024,train,1,0.485,0.485,0.0
Vw5,E,1012,0,1.7,0.67,23.7,37.4,95.8,,0.0,-0.028,0.0,4.2,0.0,0.0,train,1,0.82,0.82,0.0
Vw6,E,1281,0,2.1,1.08,30.3,40.7,100.0,,0.0,-0.026,0.0,0.0,0.0,0.0,train,1,0.692,0.692,0.0
Vw7,E,1602,0,2.7,1.16,26.0,42.2,99.1,,0.0,-0.075,0.0,0.0,0.0,0.0,train,1,0.302,0.302,0.0
Vw8,E,1529,0,2.5,1.06,25.0,46.4,95.9,,0.0,-0.077,0.0,2.8,0.0,0.0,train,1,0.386,0.386,0.0
Vw9,E,552,0,0.9,0.42,27.5,42.0,100.0,short|sync-untestable,0.0,-0.044,0.0,0.0,0.0,0.0,train,1,0.759,0.759,0.0
