drive,driver,split,session,n,minutes,km,v_mean,v_max,pct_moving,sync_r,lag_s,can_offset,pct_stationary,pct_stuck,gyro_bias
S1,A,train,0,51746,86.2,37.98,26.4,91.9,89.9,0.958,0.2,-0.188,9.4,0.0,0.0032
S2,A,train,0,1864,3.1,0.41,7.9,34.5,54.1,0.722,7.6,0.065,44.9,0.0,0.00675
S2,A,train,1,92012,153.4,75.06,29.4,105.2,88.2,0.946,8.6,-0.155,11.3,0.0,0.0065
S3a,A,train,0,24621,41.0,25.95,37.9,98.0,91.6,0.986,-6.8,-0.233,8.2,0.0,0.001
S3b,A,train,0,2043,3.4,1.12,19.8,44.6,81.4,0.834,0.4,-0.143,17.8,0.0,0.0022
S3b,A,train,1,4770,8.0,2.65,20.0,44.7,96.2,0.998,4.8,-0.16,3.5,0.0,0.00395
S3c,A,train,0,37183,62.0,43.8,42.4,117.1,93.1,0.995,0.4,-0.208,6.5,0.0,0.0005
S4,A,train,0,35186,58.6,27.82,28.5,64.7,87.0,0.932,1.8,-0.173,12.5,0.0,0.0044
S4,A,train,1,55781,93.0,58.03,37.4,109.6,79.8,0.059,-29.2,-0.147,20.1,0.0,0.00055
S4,A,train,2,3633,6.1,2.58,25.5,64.0,93.8,0.183,-30.0,-0.278,5.2,0.0,0.01425
M,B,train,0,44226,73.7,38.74,31.5,94.3,90.1,0.932,0.8,-0.229,9.7,0.0,0.0005
M,B,train,1,9242,15.4,11.6,45.2,81.0,89.6,0.993,2.0,-0.253,10.3,0.0,0.0067
M,B,train,2,52506,87.5,54.83,37.6,100.7,90.1,0.984,3.2,-0.168,9.8,0.0,0.0046
Y1,D,test,0,302,0.5,0.07,8.2,18.1,72.8,,,8.166,27.2,0.0,0.0107
Y1,D,test,1,36,0.1,0.0,1.4,5.8,38.9,,,,61.1,0.0,0.0
Y1,D,test,2,3037,5.1,1.99,23.6,87.5,52.0,,,2.117,47.7,0.0,0.0098
Y1,D,test,3,66910,111.5,56.53,30.4,84.8,89.6,0.058,-0.4,-0.158,10.1,0.01,0.0009
Vfa01,E,train,0,11486,19.1,18.77,58.8,98.4,94.3,0.515,5.2,-0.372,5.6,0.0,0.0018
Vfa02,E,train,0,67523,112.5,163.1,87.0,117.9,98.6,0.412,8.6,-0.296,1.4,0.0,0.0102
Vta10,E,train,0,1502,2.5,3.75,90.0,118.0,100.0,0.478,0.0,-0.274,0.0,0.0,0.0
Vta11,E,train,0,510,0.8,0.72,50.6,97.7,100.0,0.886,0.4,-0.321,0.0,0.0,0.0
Vta12,E,train,0,610,1.0,1.12,66.3,85.3,100.0,0.314,-0.2,-0.42,0.0,0.0,0.0
Vta13,E,train,0,404,0.7,0.98,87.3,103.6,100.0,0.401,0.0,-0.37,0.0,0.0,0.0
Vta14,E,train,0,2885,4.8,5.43,67.8,91.0,100.0,0.277,0.2,-0.329,0.0,0.0,0.0
Vta15,E,train,0,833,1.4,1.66,71.6,78.8,100.0,0.276,2.6,-0.306,0.0,0.0,0.0
Vta16,E,train,0,11335,18.9,13.65,43.4,93.9,95.1,0.629,1.6,-0.264,4.8,0.0,0.0025
Vta17,E,train,0,1079,1.8,1.02,33.9,52.5,97.5,0.568,0.2,-0.288,2.4,0.0,0.0
Vta17,E,train,1,3440,5.7,3.09,32.3,56.2,93.9,0.623,1.4,-0.318,5.5,0.23,0.0067
Vta19,E,train,0,292,0.5,0.24,29.1,54.3,81.2,,,0.003,18.8,0.0,0.0048
Vta1a,E,train,0,25676,42.8,40.72,57.1,103.4,99.6,0.513,-14.0,-0.33,0.3,0.0,0.0623
Vta1b,E,train,0,953,1.6,1.26,47.5,77.7,99.1,0.389,0.2,-0.362,0.0,0.0,0.0
Vta2,E,train,0,10991,18.3,11.05,36.2,81.6,93.4,0.581,0.6,-0.192,6.3,0.0,0.0079
Vta20,E,train,0,3223,5.4,0.38,4.2,44.8,17.5,0.707,27.6,0.047,81.9,0.0,0.0007
Vta21,E,train,0,2079,3.5,2.76,47.8,74.8,98.5,0.59,9.2,-0.379,1.1,0.0,0.0
Vta22,E,train,0,1564,2.6,1.66,38.2,55.8,100.0,0.647,4.8,-0.29,0.0,0.0,0.0
Vta23,E,train,0,1110,1.8,1.09,35.3,51.9,96.5,0.529,1.8,-0.403,3.5,0.0,0.0
Vta24,E,train,0,1171,2.0,0.69,21.4,56.4,76.9,0.815,1.0,-0.137,19.2,0.0,0.0058
Vta25,E,train,0,646,1.1,0.16,8.9,48.6,57.1,0.923,-0.4,-0.034,42.1,0.0,0.005
Vta26,E,train,0,1935,3.2,1.0,18.6,55.1,61.1,0.35,2.2,0.014,38.4,0.0,0.0005
Vta27,E,train,0,2540,4.2,3.15,44.7,65.0,94.0,0.285,-26.4,-0.279,6.0,0.0,0.0024
Vta28,E,train,0,4210,7.0,3.93,33.6,66.0,89.7,0.591,-0.4,-0.276,9.7,0.0,0.0022
Vta29,E,train,0,23705,39.5,26.06,39.6,102.0,93.9,0.497,-4.4,-0.33,5.3,0.03,0.00695
Vta3,E,train,0,645,1.1,0.38,21.0,45.8,88.4,0.324,2.0,-0.251,8.4,0.0,0.0
Vta30,E,train,0,17136,28.6,11.75,24.7,100.0,80.5,0.595,3.6,-0.116,18.8,0.0,0.0013
Vta4,E,train,0,1789,3.0,1.99,40.1,51.7,100.0,0.493,1.8,-0.267,0.0,0.0,0.0
Vta5,E,train,0,307,0.5,0.36,42.5,51.1,100.0,0.802,0.8,-0.293,0.0,0.0,0.0
Vta6,E,train,0,1376,2.3,2.59,67.9,103.9,100.0,0.235,2.0,-0.356,0.0,0.0,0.0
Vta7,E,train,0,840,1.4,1.51,64.6,113.1,100.0,0.718,1.4,-0.416,0.0,0.0,0.0
Vta8,E,train,0,3676,6.1,3.4,33.3,77.6,80.3,0.521,1.0,-0.145,19.5,0.0,0.0006
Vta9,E,train,0,156,0.3,0.31,71.8,87.4,100.0,,,-0.548,0.0,0.0,0.0
Vtb1,E,stress,0,684,1.1,0.02,0.9,12.2,26.9,0.915,1.2,0.065,67.0,0.0,0.0018
Vtb1,E,stress,1,31775,53.0,41.6,47.1,101.2,94.2,0.416,1.0,-0.349,5.2,20.86,0.0053
Vtb10,E,train,0,195,0.3,0.23,41.7,58.5,100.0,,,-0.335,0.0,0.0,0.0
Vtb11,E,train,0,361,0.6,0.7,69.8,75.3,100.0,0.359,5.4,-0.282,0.0,0.0,0.0
Vtb12,E,train,0,447,0.7,0.53,42.8,71.0,100.0,0.809,0.0,-0.247,0.0,0.0,0.0
Vtb2,E,train,0,5712,9.5,4.31,27.2,61.1,83.0,0.458,0.8,-0.237,16.6,0.0,0.0039
Vtb3,E,train,0,8240,13.7,0.68,3.0,37.5,60.9,0.561,0.4,0.036,34.6,0.0,0.0035
Vtb4,E,train,0,556,0.9,0.24,15.6,32.7,89.7,0.403,1.6,-0.045,9.2,0.0,0.00125
Vtb5,E,train,0,64388,107.3,111.53,62.4,112.9,98.0,0.404,-26.6,-0.302,1.9,0.0,0.00205
Vtb6,E,train,0,498,0.8,0.88,63.3,73.0,100.0,0.257,0.2,-0.256,0.0,0.0,0.0
Vtb7,E,train,0,461,0.8,0.72,56.4,69.2,100.0,0.329,-0.2,-0.375,0.0,0.0,0.0
Vtb8,E,train,0,668,1.1,1.3,69.8,76.5,100.0,0.232,7.6,-0.348,0.0,0.0,0.0
Vtb9,E,train,0,452,0.8,0.97,77.1,92.0,100.0,0.298,7.4,-0.377,0.0,0.0,0.0
Vw1,E,train,0,20475,34.1,0.02,0.0,0.3,0.0,0.148,-15.2,,100.0,0.0,0.0047
Vw10,E,train,0,652,1.1,0.73,40.5,58.9,100.0,0.373,0.0,-0.026,0.0,0.0,0.0
Vw11,E,train,0,4909,8.2,5.84,42.8,98.4,85.9,0.521,1.8,0.058,13.9,0.0,0.0009
Vw12,E,train,0,918,1.5,2.31,90.4,97.4,100.0,0.161,12.6,0.271,0.0,0.0,0.0
Vw13,E,train,0,284,0.5,0.78,98.6,113.5,100.0,,,0.396,0.0,0.0,0.0
Vw14a,E,train,0,3138,5.2,7.92,90.9,109.4,100.0,0.125,6.6,0.26,0.0,0.0,0.0
Vw14b,E,train,0,19588,32.6,41.16,75.7,120.1,100.0,0.089,4.0,0.195,0.0,0.0,0.0
Vw14c,E,train,0,15826,26.4,17.08,38.9,100.5,85.9,0.396,2.2,0.076,13.8,0.0,0.00255
Vw15,E,train,0,1380,2.3,0.0,0.1,0.8,0.0,0.153,-2.0,,100.0,0.0,0.0015
Vw16a,E,train,0,5879,9.8,8.48,51.9,83.5,93.1,0.331,-10.0,0.06,6.9,0.0,0.0051
Vw16b,E,train,0,1126,1.9,1.89,60.5,86.3,100.0,0.292,0.0,0.084,0.0,0.0,0.0
Vw17,E,train,0,329,0.5,0.54,59.1,72.7,100.0,0.439,2.6,-0.11,0.0,0.0,0.0
Vw2,E,train,0,52712,87.9,98.58,67.3,115.4,95.1,0.429,2.0,0.141,4.8,0.0,0.0116
Vw3,E,train,0,3861,6.4,4.94,46.1,77.4,95.0,0.576,0.2,0.074,4.1,0.0,0.0127
Vw4,E,train,0,126526,210.9,214.37,61.0,131.9,93.8,0.485,0.6,0.132,6.0,0.0,0.0024
Vw5,E,train,0,1012,1.7,0.67,23.7,37.4,95.8,0.82,3.0,-0.028,4.2,0.0,0.0
Vw6,E,train,0,1281,2.1,1.08,30.3,40.7,100.0,0.692,-1.0,-0.026,0.0,0.0,0.0
Vw7,E,train,0,1602,2.7,1.16,26.0,42.2,99.1,0.302,-8.0,-0.075,0.0,0.0,0.0
Vw8,E,train,0,1529,2.5,1.06,25.0,46.4,95.9,0.386,2.8,-0.077,2.8,0.0,0.0
Vw9,E,train,0,552,0.9,0.42,27.5,42.0,100.0,0.759,0.6,-0.044,0.0,0.0,0.0
