drive,driver,session,minutes,km,v_mean,sync_r,lag_s,yaw_std,pct_turn,testable,verdict
S1,A,0,86.2,37.98,26.4,0.958,0.2,0.13460152630712163,20.54844818923202,True,verified
S2,A,0,3.1,0.41,7.9,0.722,7.6,0.13705231135166235,25.590128755364805,True,verified
S2,A,1,153.4,75.06,29.4,0.946,8.6,0.1357816867893469,18.832326218319352,True,verified
S3a,A,0,41.0,25.95,37.9,0.986,-6.8,0.12585619167193704,15.377117095162665,True,verified
S3b,A,0,3.4,1.12,19.8,0.834,0.4,0.2443536489366822,23.592755751346058,True,verified
S3b,A,1,8.0,2.65,20.0,0.998,4.8,0.16344932865586628,22.033542976939202,True,verified
S3c,A,0,62.0,43.8,42.4,0.995,0.4,0.11561329969972972,19.046338380442677,True,verified
S4,A,0,58.6,27.82,28.5,0.932,1.8,0.11666232519248648,14.133462172454953,True,verified
S4,A,1,93.0,58.03,37.4,0.059,-29.2,0.10668000094909864,11.209910184471415,True,BROKEN
S4,A,2,6.1,2.58,25.5,0.183,-30.0,0.17445224304890422,31.3515001376273,True,BROKEN
M,B,0,73.7,38.74,31.5,0.932,0.8,0.19250773637019755,21.704427259982815,True,verified
M,B,1,15.4,11.6,45.2,0.993,2.0,0.18109316833309114,23.447305777970136,True,verified
M,B,2,87.5,54.83,37.6,0.984,3.2,0.10990146604550334,12.131946825124748,True,verified
Y1,D,0,0.5,0.07,8.2,,,0.0,0.0,False,unverifiable
Y1,D,1,0.1,0.0,1.4,,,0.0,0.0,False,unverifiable
Y1,D,2,5.1,1.99,23.6,,,0.0,0.0,False,unverifiable
Y1,D,3,111.5,56.53,30.4,0.058,-0.4,0.13036428172745562,17.495142729039006,True,BROKEN
Vfa01,E,0,19.1,18.77,58.8,0.515,5.2,0.06976115325348177,8.209994776249346,True,BROKEN
Vfa02,E,0,112.5,163.1,87.0,0.412,8.6,0.04276164317859642,2.1385305747671164,False,unverifiable
Vta10,E,0,2.5,3.75,90.0,0.478,0.0,0.06617236317108441,6.724367509986684,True,BROKEN
Vta11,E,0,0.8,0.72,50.6,0.886,0.4,0.21311623281190203,51.9607843137255,False,unverifiable
Vta12,E,0,1.0,1.12,66.3,0.314,-0.2,0.027422346075587297,1.8032786885245904,False,unverifiable
Vta13,E,0,0.7,0.98,87.3,0.401,0.0,0.050895462673603294,5.198019801980198,False,unverifiable
Vta14,E,0,4.8,5.43,67.8,0.277,0.2,0.03292975828572667,1.6984402079722702,False,unverifiable
Vta15,E,0,1.4,1.66,71.6,0.276,2.6,0.030707635460216536,0.0,False,unverifiable
Vta16,E,0,18.9,13.65,43.4,0.629,1.6,0.08611632210586513,11.442434936038817,True,BROKEN
Vta17,E,0,1.8,1.02,33.9,0.568,0.2,0.07339579195495852,15.569972196478222,True,BROKEN
Vta17,E,1,5.7,3.09,32.3,0.623,1.4,0.09593239038429005,14.505813953488373,True,BROKEN
Vta19,E,0,0.5,0.24,29.1,,,0.06376214000542067,8.904109589041095,False,unverifiable
Vta1a,E,0,42.8,40.72,57.1,0.513,-14.0,0.07920881678723808,10.88565197071195,True,BROKEN
Vta1b,E,0,1.6,1.26,47.5,0.389,0.2,0.05384066104562399,7.76495278069255,False,unverifiable
Vta2,E,0,18.3,11.05,36.2,0.581,0.6,0.08600784194572292,9.089254844873079,True,BROKEN
Vta20,E,0,5.4,0.38,4.2,0.707,27.6,0.04607308327198708,4.436860068259386,False,unverifiable
Vta21,E,0,3.5,2.76,47.8,0.59,9.2,0.09039484403732172,14.47811447811448,True,BROKEN
Vta22,E,0,2.6,1.66,38.2,0.647,4.8,0.12154701100836338,16.879795396419436,True,BROKEN
Vta23,E,0,1.8,1.09,35.3,0.529,1.8,0.08856258466772288,22.792792792792792,True,BROKEN
Vta24,E,0,2.0,0.69,21.4,0.815,1.0,0.10867567226153102,22.37403928266439,True,verified
Vta25,E,0,1.1,0.16,8.9,0.923,-0.4,0.14877007473374548,29.102167182662537,True,verified
Vta26,E,0,3.2,1.0,18.6,0.35,2.2,0.05534292381878632,5.5813953488372094,False,unverifiable
Vta27,E,0,4.2,3.15,44.7,0.285,-26.4,0.055863591240814935,9.251968503937007,False,unverifiable
Vta28,E,0,7.0,3.93,33.6,0.591,-0.4,0.10440196366867856,18.07600950118765,True,BROKEN
Vta29,E,0,39.5,26.06,39.6,0.497,-4.4,0.09121672720160091,18.612107150390216,True,BROKEN
Vta3,E,0,1.1,0.38,21.0,0.324,2.0,0.15677739451204173,31.007751937984494,True,BROKEN
Vta30,E,0,28.6,11.75,24.7,0.595,3.6,0.07831850453609387,8.572595704948647,True,BROKEN
Vta4,E,0,3.0,1.99,40.1,0.493,1.8,0.07554325658677807,9.167132476243712,True,BROKEN
Vta5,E,0,0.5,0.36,42.5,0.802,0.8,0.12035882195870487,28.990228013029316,False,unverifiable
Vta6,E,0,2.3,2.59,67.9,0.235,2.0,0.03142702551484149,2.0348837209302326,False,unverifiable
Vta7,E,0,1.4,1.51,64.6,0.718,1.4,0.13081855570430204,20.0,True,verified
Vta8,E,0,6.1,3.4,33.3,0.521,1.0,0.06220208791622624,6.420021762785637,True,BROKEN
Vta9,E,0,0.3,0.31,71.8,,,0.009685316189469837,0.0,False,unverifiable
Vtb1,E,0,1.1,0.02,0.9,0.915,1.2,0.060817105782232664,4.970760233918129,True,verified
Vtb1,E,1,53.0,41.6,47.1,0.416,1.0,0.08241017847767775,10.058221872541306,True,BROKEN
Vtb10,E,0,0.3,0.23,41.7,,,0.11431674147422113,22.05128205128205,False,unverifiable
Vtb11,E,0,0.6,0.7,69.8,0.359,5.4,0.009634113316685927,0.0,False,unverifiable
Vtb12,E,0,0.7,0.53,42.8,0.809,0.0,0.13026043252762617,23.2662192393736,False,unverifiable
Vtb2,E,0,9.5,4.31,27.2,0.458,0.8,0.07869463643852266,15.266106442577032,True,BROKEN
Vtb3,E,0,13.7,0.68,3.0,0.561,0.4,0.04077498867493189,2.487864077669903,False,unverifiable
Vtb4,E,0,0.9,0.24,15.6,0.403,1.6,0.08762852897936048,12.949640287769784,False,unverifiable
Vtb5,E,0,107.3,111.53,62.4,0.404,-26.6,0.048242061881752375,4.458905386096788,False,unverifiable
Vtb6,E,0,0.8,0.88,63.3,0.257,0.2,0.012284886493334868,0.0,False,unverifiable
Vtb7,E,0,0.8,0.72,56.4,0.329,-0.2,0.04645347698481839,6.724511930585683,False,unverifiable
Vtb8,E,0,1.1,1.3,69.8,0.232,7.6,0.0066481360813961015,0.0,False,unverifiable
Vtb9,E,0,0.8,0.97,77.1,0.298,7.4,0.006558873181989504,0.0,False,unverifiable
Vw1,E,0,34.1,0.02,0.0,0.148,-15.2,0.0011215532908343514,0.0,False,unverifiable
Vw10,E,0,1.1,0.73,40.5,0.373,0.0,0.07782773399978754,18.711656441717793,True,BROKEN
Vw11,E,0,8.2,5.84,42.8,0.521,1.8,0.09396641901322496,13.118761458545528,True,BROKEN
Vw12,E,0,1.5,2.31,90.4,0.161,12.6,0.006975457383881533,0.0,False,unverifiable
Vw13,E,0,0.5,0.78,98.6,,,0.007461559139022338,0.0,False,unverifiable
Vw14a,E,0,5.2,7.92,90.9,0.125,6.6,0.018862628204641924,0.06373486297004462,False,unverifiable
Vw14b,E,0,32.6,41.16,75.7,0.089,4.0,0.013627876890801796,0.0,False,unverifiable
Vw14c,E,0,26.4,17.08,38.9,0.396,2.2,0.05103847342305033,6.040692531277644,False,unverifiable
Vw15,E,0,2.3,0.0,0.1,0.153,-2.0,0.0009935462766902812,0.0,False,unverifiable
Vw16a,E,0,9.8,8.48,51.9,0.331,-10.0,0.04969318378932669,4.949821398196972,False,unverifiable
Vw16b,E,0,1.9,1.89,60.5,0.292,0.0,0.05078318992839578,3.641207815275311,False,unverifiable
Vw17,E,0,0.5,0.54,59.1,0.439,2.6,0.02146140396464549,0.303951367781155,False,unverifiable
Vw2,E,0,87.9,98.58,67.3,0.429,2.0,0.06990052644372102,6.258536955531947,True,BROKEN
Vw3,E,0,6.4,4.94,46.1,0.576,0.2,0.12552603442544236,21.47112147112147,True,BROKEN
Vw4,E,0,210.9,214.37,61.0,0.485,0.6,0.09415130875364355,10.574901601251916,True,BROKEN
Vw5,E,0,1.7,0.67,23.7,0.82,3.0,0.20372889048827375,34.683794466403164,True,verified
Vw6,E,0,2.1,1.08,30.3,0.692,-1.0,0.14989263672114658,20.21857923497268,True,BROKEN
Vw7,E,0,2.7,1.16,26.0,0.302,-8.0,0.21395118074756944,32.45942571785269,True,BROKEN
Vw8,E,0,2.5,1.06,25.0,0.386,2.8,0.17410375349576354,29.823413996075864,True,BROKEN
Vw9,E,0,0.9,0.42,27.5,0.759,0.6,0.1629481999036523,55.434782608695656,False,unverifiable
